id,name,taxa_kind_id_name,description,col_id,eol_id,"Nome Italiano","Inizio fioritura","Limite altitudinale inferiore","Ciclo biologico",Progressivo,Sinonimi,Diffusione,"Limite altitudinale superiore","Fine fioritura","Pianta protetta",Autore,"Nome Trentino","Nome Trentino dei frutti","Toponimo Trentino","Nome Tedesco"
3017,"Hieracium levigatum",Specie,"In boschi radi, in luoghi cespugliosi, su pendii sassosi, in prati montani, soprattutto nell'A.A.; poche indicazioni per il Tr.",ec05b42f7821083e5d76d011b06159dc,56713294,,Giugno,0,,,,,1000,Novembre,,W.,,,,
3016,"Hieracium sabaudum",Specie,"Al margine dei boschi, in luoghi cespugliosi e sassosi.<br /><br />Specie polimorfa.",a56b0fbc7d58be11f7c4567f0b3d6ef9,856187,,Settembre,0,,892,,,1000,Novembre,,L.,,,,
3014,"Hieracium umbellatum",Specie,"In luoghi erbuso-cespugliosi; al margine dei boschi e dei prati.<br /><br />Nei dintorni di Trento e Rovereto, in Val d'Adige tra le due città e nel tratto Nago-Torbole è freq. l'<em>H. leiocephalum</em> Griseb. (intermedio tra l'<em>H. umbellatum</em> e l'<em>H. porrifolium</em>). Si avvicina al primo per la statura (9-12 dm.), la mancanza di fg. alla base; le fg. cauline con lamine consistenti e gli acheni bruni o neri; al secondo per le fg. lineari, spesso più acute e con numerosi peli stellati e gli acheni in parte di un giallo paglierino. Nello località dove ricorrono le due specie, delle cui caratteristiche esso partecipa; E.",fbb473d044bb837e2343c3e57e58bedb,486356,,Giugno,0,,891,,,1000,Novembre,,L.,,,,
3013,"Hieracium racemosum",Specie,"In località boscose e cespugliose.",958783ad3b542569e245f53c03978207,52526555,,Giugno,0,,,,,1000,Novembre,,"W. et K.",,,,
3011,"Hieracium prenanthoides",Specie,"Su pendii roccioso-cespugliosi, come pure sui prati alpini.<br /><br /><em>H. valdepilosum</em> Vill. (entità intermedia tra l'<em>H. villosum</em> e l'<em>H. prenanthoides</em>),si distingue dal primo per il f. più lungo, il maggior numero di fg. cauline. le squame involucrali meno pelose e tra loro eguali e per la presenza di glandole, almeno sugli involucri; dal secondo per minore altezza del f.. minor numero di fg. cauline. per capolini assai più grossi, ma in minor numero, l'abbondante loro pìlosità e la scarsezza delle glandole. Freq. e talvolta persino abbondante su pascoli magri e pendii sassosi, calcarei, specialm. dell'orizzonte montano sup.; E.",fe8526b892c7da7585fc1067e2d9a214,6225630,,Giugno,1000,,890,,,3000,Agosto,,Vill.,,,,
3010,"Hieracium intybaceum",Specie,"Su pascoli sassosi e rocce non prive di vegetazione.",6dd3f099c0a6ce5b4c62476f98011b34,52318216,,Giugno,1900,,,,,3000,Agosto,,All.,,,,
3009,"Hieracium humile",Specie,"In fessure di rupi calcaree, specialm. nell'A.A..",5afc9ddd5406af12d0dddbd20bd58390,6222539,,Giugno,700,,,,,3000,Agosto,,Jacq.,,,,
3007,"Hieracium alpinum",Specie,"Freq. sui prati e sui pascoli alpini dei monti silicei, raram. su quelli esclusivam. calcarei.<br /><br />Specie polimorfa.<br /><br />È forma intermedia tra l'<em>H. murorum</em> e l'<em>H. alpinum</em>: <em>H. nigrescens</em> Willd.. che differisce dall'<em>H. murorum</em>, perché meno ramificato, per i pochi capolini pelosi e per le numerose glandole su tutta la p.; dall'<em>H. alpinum</em> per le fg. basali bruscam. ristrette nel picciolo e grossam. dentate alla base; stili scuri. Nelle località, dove esistono ambedue le specie, tra le quali è morfologicam. intermedio.",263c99aab5a65ecdf4d674fdb34b738b,487310,,Giugno,1900,,889,,,2200,Agosto,,L.,,,,
3006,"Hieracium amplexicaule",Specie,"In luoghi rupestri, su pascoli sassosi. Specie polimorfa.",f414bb20bddcb742a5a0eedc6c5e1d46,6218999,,Giugno,0,,,,,3000,Agosto,,L.,,,,
3005,"Hieracium dollineri",Specie,"È largamente diffuso nella reg. da qualche centinaio di metri di altitudine fino all'orizzonte alpino che differisce dalla prima specie per il f. ± glandoloso e con peli stellati nella parte sup.; le fg. basali grandi, da obovate a lanceolate, spiccatam. seghettato-dentate, verdi-bluastre, glabre di sopra, con lunghi peli di sotto lungo la nervatura mediana; fg. cauline 1-3, piccole; involucri scarsam. pelosi, con poche glandole a affatto senza; stili gialli o scuri.",5eff867e18b9cf25367f34105a70d34b,52528445,,,,,,"(= H. glaucum-bifidum)",,,,,"Schultz Bip.",,,,
3004,"Hieracium dentatum",Specie,"Portamento simile al \'villosum\', ma fg. basali picciolate e spesso dentate (bifidum), le esterne più larghe (bifidum), le interne bislungo-lanceolate (villosum), fg. cauline 2-5, la più bassa, grande; infiorescenza con rami 1-fiori; squame involucrali tra loro quasi eguali, lungam. e sottilm. acuminate. Negli orizzonti montano sup. e alpini.",d67ba27e48237fd26023b8872e25b384,6220986,,Giugno,,,,"(= H. villosum-bifidum)",,,Agosto,,Hoppe,,,,
3003,"Hieracium caesium",Specie,"Dal piano fino all'orizzonte subalpino.",cdf0eb6a91de173eaf6fb7b13eee4a5e,52525421,,Giugno,0,,,,,2200,Agosto,,Fr.,,,,
3002,"Hieracium bifidum",Specie,"Su rupi e su pendii scarsam. erbosi dei monti calcarei e dolomitici, ma anche silicei, purché non privi di Calcio.",4c3d99f4c3f48b319d3c2a312ab814a1,6219674,,Giugno,1000,,,,,3000,Agosto,,Kit.,,,,
3001,"Hieracium lachenalii",Specie,"Freq. in luoghi analoghi a quelli della specie precedente, però con preferenza dei terreni silicei.<br /><br /><em>H. bocconei</em> Griseb. (= H. alpinum-lachenalii). Portamento di un lachenalii con pochi, ma piuttosto grossi capolini; fg. cauline parecchie, le sup. sessili o brevem. picciolate, attenuale alla base; linguette dei f. cigliate all'estremità; acheni neri o bruno-scuri; l'intera p. con glandole, particolarm. abbondanti e grosse sugli involucri dei capolini. Negli orizzonti montano sup.. subalpino e alpino; E.",e844ea963b93755c22873feb78201aab,52525681,,Giugno,0,,,,,3000,Agosto,,Gmel.,,,,
2999,"Hieracium murorum",Specie,"C. in luoghi boscosi e cespugliosi, ma anche rupestri.<br /><br />Specie polimorfa.",abe1e90fe9a873125d92392636becc53,487278,,Marzo,0,,888,,,3000,Novembre,,L.,,,,
2998,"Hieracium scorzonerifolium",Specie,"Ha il portamento dell'<em>H. bupleuroides</em>, fg. lanceolate, villose soltanto verso la base delle lamine e capolini simili a quelli dell'<em>H. villosum</em>, ma ± ricchi di peli stellati; f. alto 3-6 dm., glabro o poco peloso e per lo più con parecchi capolini. Quasi esclusivam. nell'A.A..",f73aa43c42a257eb51dabaee695f58c8,52526955,,Giugno,1000,,,"(= H. villosum-bupleuroides)",,3000,Agosto,,Vill.,,,,
2997,"Hieracium glabratum",Specie,"Nella parte inf. si presenta come il \'glaucum\' nella sup. come \'morisianum\'; fg. quasi glabre, pelose soltanto verso la base delle lamine nonché lungo il margine e la nervatura mediana, le basali ± distintam. picciolate; differisce dal glaucum per gli involucri grossi e le squame sottilm. acuminate. Presente nell'intera reg. negli orizzonti montani e nell'alpino.",ce19c6090a663cfa3038c2da7a70e072,6221994,,Giugno,1000,,,"(= H. villosum-glaucum)",,3000,Agosto,,Hoppe,,,,
2996,"Hieracium morisianum",Specie,"Sovente colla specie precedente.<br /><br />Forme intermedie tra H. villosum (rispettivam. morisianum) ed altre specie già descritte:<br />a) <em>H. glabratum</em> Hoppe (= H. villosum-glaucum). Nella parte inf. si presenta come il \'glaucum\' nella sup. come \'morisianum\'; fg. quasi glabre, pelose soltanto verso la base delle lamine nonché lungo il margine e la nervatura mediana, le basali ± distintam. picciolate; differisce dal glaucum per gli involucri grossi e le squame sottilm. acuminate. Presente nell'intera reg. negli orizzonti montani e nell'alpino; 4-7; E.<br />b) <em>H. scorzonerifolium</em> Vill. (= H. villosum-bupleuroides). Ha il portamento dell'<em>H. bupleuroides</em>, fg. lanceolate, villose soltanto verso la base delle lamine e capolini simili a quelli dell'<em>H. villosum</em>, ma ± ricchi di peli stellati; f. alto 3-6 dm., glabro o poco peloso e per lo più con parecchi capolini. Quasi esclusivam. nell'A.A.; 4-7; E.",ad0e393769e85922798abf8d01f6e41b,49929614,,,,,,,,,,,Rchb.,,,,
2995,"Hieracium villosum",Specie,"In luoghi erboso-sassosi dei monti.<br /><br />Forme intermedie tra H. villosum (rispettivam. morisianum) ed altre specie già descritte:<br />a) <em>H. glabratum</em> Hoppe (= H. villosum-glaucum). Nella parte inf. si presenta come il \'glaucum\' nella sup. come \'morisianum\'; fg. quasi glabre, pelose soltanto verso la base delle lamine nonché lungo il margine e la nervatura mediana, le basali ± distintam. picciolate; differisce dal glaucum per gli involucri grossi e le squame sottilm. acuminate. Presente nell'intera reg. negli orizzonti montani e nell'alpino; 4-7; E.<br />b) <em>H. scorzonerifolium</em> Vill. (= H. villosum-bupleuroides). Ha il portamento dell'<em>H. bupleuroides</em>, fg. lanceolate, villose soltanto verso la base delle lamine e capolini simili a quelli dell'<em>H. villosum</em>, ma ± ricchi di peli stellati; f. alto 3-6 dm., glabro o poco peloso e per lo più con parecchi capolini. Quasi esclusivam. nell'A.A.; 4-7; E.",0149b06aadd4de603f0d32f4b146df04,6228370,,Giugno,1000,,887,,,3000,Agosto,,L.,,,,
2994,"Hieracium piliferum",Specie,"Su prati montano alpini, asciutti e sassosi.<br /><br />Si presenta specialm. nelle ssp.: <em>piliferum</em> (Hoppe) N. P. con f. osclusivam. o prevalentem. villoso, senza o con non molte glandole e <em>glanduliferum</em> (Hoppe) N. P. ricchissimo di peli glandolosi e affatto privo o con scarsissimi peli non glandolosi.",3fb1ba80aae5780010fe43c8955ebef3,6225256,,Giugno,1900,,,,,3000,Agosto,,Hoppe,,,,
2993,"Hieracium bupleuroides",Specie,"Su rocce.",40738888eeb45cc028c1be632efd09a4,6219908,,Giugno,0,,,,,3000,Agosto,,Gmel.,,,,
2991,"Hieracium porrifolium",Specie,"In luoghi rupestri e soleggiati, calcarei.<br /><br />Non raro in Val d'Adige, da poco a sud di Bolzano fin entro la catena del M. Baldo, ed anche in Val di Non, tra 200-1300 m.: <em>H. illyricum</em> Fries (= H. porrifolium-levigatum). Aspetto ora più simile alla prima, ora solo alla seconda specie. F. alto 2-8 dm., sottile, spesso ramificato già in basso, per lo più foglioso; fg. pelose di sotto, verso la base della lamina; fg. basali (non sempre presenti) lanceolate, sempre dentate, glauche; squame degli involucri di solito acute, marginate di bianco; acheni bruno-scuri o neri; E-A.",de91881aad05b0a98cf73bb0af876831,6225510,,Giugno,0,,,,,1900,Agosto,,L.,,,,
2990,"Hieracium glaucum",Specie,"In luoghi erboso-sassosi o rocciosi.",f9ac6116369df2ec0e9f70ba4539b6a7,6222096,,Giugno,700,,,,,3000,Novembre,,All.,,,,
2989,"Hieracium staticifolium",Specie,"All. Freq. in luoghi sassosi o arenosi, nel letto dei torrenti, su suolo franoso; 3-7; E.",c7dc51dce96f44bf5ba825d5cb961c84,5106333,,Giugno,700,,,,,3000,Agosto,,All.,,,,
2988,"Hieracium piloselloides",Specie,"Nei prati, al margine dei campi, ma anche in luoghi sassosi.",8390a19a3b15d5b809e4b96c5adbd692,55874163,,Giugno,0,,,"(= H. florentinum All.)",,3000,Agosto,,Vill.,,,,
2987,"Hieracium cymosum",Specie,"Su prati e pascoli asciutti, in luoghi scarsam. cespugliosi.",ddb7fac32b87f19e5fa5a7c0b14b7135,31041724,,Marzo,0,,,,,2200,Agosto,,L.,,,,
2986,"Hieracium aurantiacum",Specie,"Nei pascoli montano-alpini.",7267d13238b0c8a87805e7fb74f78fb0,49308923,,Giugno,1000,,886,,,3000,Agosto,,L.,,,,
2984,"Hieracium auricola",Specie,"Freq. in luoghi erbosi, sulle strade di campagna ecc.<br /><br />Come forma intermedia tra l'<em>H. glaciale</em> e l'<em>H. hoppeanum</em> viene considerato l'<em>H. sphaerocephalum</em> Froel. (= <em>H. furcatum</em> Hoppe) alto fino a 3 dm., con non più di una fg, caulina, scapo biforcato a meta altezza e non di rado con uno od ambedue i rami alla loro volta biforcati e ciascuna biforcazione con un capolino; fg. basali lanceolate, ottuse o acute; glandolo abbondanti nell'infiorescenza, Tiene dell'hoppeanum per gli involucri, le fg, più grandi e la pilosità più lunga e scura che nel glaciale, e di quest'ultimo per gli involucri più sottili e le loro squame acute e densam. pelose. Su prati e pascoli, dall'orizzonte montano inf. all'alpino; E.",eac0ef94903f50510de007a8bf17a5c2,47144133,,Marzo,700,,885,,,3000,Agosto,,L.,,,,
2983,"Hieracium glaciale",Specie,"Sui pascoli degli orizzonti alpino e subalpino.<br /><br />Come forma intermedia tra l'<em>H. glaciale</em> e l'<em>H. hoppeanum</em> viene considerato l'<em>H. sphaerocephalum</em> Froel. (= <em>H. furcatum</em> Hoppe) alto fino a 3 dm., con non più di una fg, caulina, scapo biforcato a meta altezza e non di rado con uno od ambedue i rami alla loro volta biforcati e ciascuna biforcazione con un capolino; fg. basali lanceolate, ottuse o acute; glandolo abbondanti nell'infiorescenza, Tiene dell'hoppeanum per gli involucri, le fg, più grandi e la pilosità più lunga e scura che nel glaciale, e di quest'ultimo per gli involucri più sottili e le loro squame acute e densam. pelose. Su prati e pascoli, dall'orizzonte montano inf. all'alpino; E.",2bd7cb429606ff154f43de12600aef05,31040192,,Giugno,,,,,,,Agosto,,Lach.,,,,
2982,"Hieracium alpicola",Specie,"Su pascoli sassosi e pendii rocciosi. Indicato solo dell'A.A. (Renòn, Sciliar, Sasso Piatto, Alpe di Siusi, Bullaccia in Val Gardena).",436da7421c6a5d896f810d6eef09b934,6218910,,,2200,,,,,3000,,,Schleich.,,,,
2981,"Hieracium hoppeanum",Specie,"Su prati e pascoli asciutti, in boscaglie rade.",1d2d3cc8d2446292142021233c061afe,6222513,,Marzo,1000,,,,,3000,Giugno,,Schult.,,,,
2980,"Crepis paludosa",Specie,"Nei prati paludosi e in luoghi ombroso-umidi.",922f76d42b84bffeabe48cb2fddb07ea,5114763,,Giugno,700,,882,,,2200,Agosto,,Moench,,,,
2979,"Crepis pontana",Specie,"Nei prati pingui.",0d753a3812c432bf86bf0227f8c3e017,5124688,,Giugno,1900,,,"(= C. montana Tausch)",,2200,Agosto,,"(L.) Dalla Torre",,,,
2978,"Crepis jacquinii",Specie,"Sulle rocce, su detriti di falda e nei pascoli .sassosi.",3d29d3ac4c0622cf2af76f9475aad2a4,6235261,,Giugno,1900,,,,,3000,Agosto,,Tausch.,,,,
2977,"Crepis biennis",Specie,"Nei prati pingui.",d906317f90efb8c5fc19c7113a2253c5,578198,,Marzo,0,,881,,,1000,Agosto,,L.,,,,
2976,"Crepis tectorum",Specie,"Lungo le strade, su macerie e nei campi.",1c79cbd1486740e6424b79f999181b16,467504,,Giugno,0,,880,,,1000,Agosto,,L.,,,,
2975,"Crepis virens",Specie,"Nei campi e nei prati, lungo te strade di campagna.",0943e1bd686adf2a18852b074cf5132f,56715668,,Giugno,0,,879,"(= C. capillaris Wallr.)",,1000,Novembre,,L.,,,,
2974,"Crepis pulchra",Specie,"Piuttosto rara tra i cespugli di pendii sassosi, talora nei vigneti; nota quasi esclusivam. ad oedd. dell' Adige.",75fd45e9124eafb07d79059a322bb6df,467461,,Marzo,0,,,,,700,Agosto,,L.,,,,
2973,"Crepis blattarioides",Specie,"Su prati umidi tra i Mughi e i Rododendri.",45a509d28148ca74cff8cc01980519e6,49901813,,Giugno,1000,,,,,2200,Agosto,,Vill.,,,,
2972,"Crepis conyzaefolia",Specie,"Nei pascoli asciutti montani e alpini.",13430c12ec8af32b9edfd5826f6615c8,5117306,,Giugno,,,,,,,Agosto,,"(Couan) D. T.",,,,
2970,"Crepis tergloviensis",Specie,"Su ghiaie del piano culminale dell'A.A.. su terreno calcareo: dallo Stelvio a Sesto e dal Brennero al Cagnaccio.",3f0c0d6887a24b122ceba36526f8a488,56715670,,Giugno,2200,,,,,3000,Agosto,,Hegetschw.,,,,
2969,"Crepis rhaetica",Specie,"Su sfasciume di rocce, in punii ricchi di humus. Soliamo sui monti in prossimità del lìrennero.",04330b2ef7bf60855fed8913ad47e73a,6235094,,Giugno,2200,,,,,3000,Agosto,,Hegetschw.,,,,
2968,"Crepis alpestris",Specie,"Sui pascoli magri e sassosi ed anche sulle rocce, spccialm, calcaree.",6e464c7cef0cca8166e54ccfaccfbd57,6234622,,Giugno,1000,,,,,2200,Agosto,,Tausch.,,,,
2967,"Crepis incarnata var. lutea",Specie,"In luoghi erbosi, fra cespugli; 2-5. Sul Catinaccio rinvenuta a 2300 m. (Bornmüller).",0e49251cf1e093438d39a42fa2d99942,53390131,,,,,,"(= C. frolichiana DC)",,,,,Tausch,,,,
2966,"Crepis aurea",Specie,"Nei pascoli.",78de5b4be5906f88c0034c09c75d9366,6219443,,Giugno,2000,,878,,,3000,Agosto,,Cass.,,,,
2965,"Crepis foetida",Specie,"Su macerie, lungo le strade, al margine dei campi; nella parte merid. dell'A.A. e nel Tr. fin verso i 900 m.",712ad15ba76d761ce0f277526718ab61,578203,,Giugno,,,877,,,,Agosto,,L.,,,,
2964,"Crepis setosa",Specie,"Freq. nei campi, nei vigneti e lungo le strade; nell'A.A. merid. e nel Tr. fin verso i 900 m..",e596a8c84bb24f9fa9edc2ebe6177b89,467503,,Giugno,,,,,,,Novembre,,Hall.,,,,
2963,"Crepis incarnata",Specie,"In luoghi erbosi del piano montano nelle Dolomiti della Pusteria.",0e49251cf1e093438d39a42fa2d99942,53390131,,Giugno,,,,,,,Agosto,,Tausch.,,,,
2962,"Lactuca virosa",Specie,"In luoghi aridi e sassosi del piano e dei colli, nella parte merid. dell'A.A. e nel Tr.; poco freq.",7ed9ddaaf0f996519024398d7d5046ac,486948,"Lattuga velenosa",,,,876,,,,,,L.,,,,
2961,"Lactuca serriola",Specie,"C. su macerie, lungo le strade, sui margini dei campi.<br /><br />Gli individui di questa specie che cresce in luoghi molto soleggiali hanno le proprietà di disporre le lamine fogliari in un piano verticale diretto da nord a sud (p. bussola), affinché esse vengano colpite prevalentem. dai raggi solari meno caldi del mattino e del tardo pomeriggio.",0ce7380d3f73d0f45bfcb9565220b8b3,468149,"Scariola, Lattona",Giugno,0,,875,,,700,Agosto,,Torner.,,,,
2960,"Lactuca sativa",Specie,"Coltivata in numerose var. per le sue fg.; probabilm. derivata dalla specie seguente.",1f17f941c8f49e7c65170d04a1cc697f,468144,Lattuga,Marzo,,,,,,,Agosto,,L.,,,,
2959,"Lactuca saligna",Specie,"In luoghi incolti al piano e sui colli.",5573ad35e678f5cf0d0d267d32cad369,468143,,Giugno,,,,,,,Agosto,,L.,,,,
2958,"Hieracium pilosella",Specie,"C. in luoghi erbosi asciutti o delritici, al margine dei campi, lungo le strade.<br /><br />Specie assai polimorfa.",5badf94c1f53f3aa990433f9815abf1a,49308925,"Pelosella, Pelosetta",Marzo,0,,884,,,3000,Novembre,,L.,"Recéte de sorz",,,
2956,"Lactuca muralis",Specie,"C. in luoghi ombrosi e sassosi",3d8c0a2bd5e54a53a97a2b660cc385df,489434,,Marzo,700,,874,"(= Mycelis muralis Rchb.)",,2000,Agosto,,Gaertn.,Lataróle,,,
2948,"Lactuca perennis",Specie,"In luoghi pietrosi e soleggiato.",9256912778fcb57b3b8b674b1a85e982,6229246,,Marzo,0,,873,,,1000,Agosto,,L.,Lataróle,,,
2947,"Sonchus asper",Specie,"Come il precedente, ma assai meno freq.",af6dc6ed1580d11070fb14406b55adf0,54158326,,Marzo,0,,,,,700,Agosto,,Hill.,,,,
2946,"Sonchus oleraceus",Specie,"Nei coltivati e lungo le strade.",48d2a7846586eb95b9aaf93cf320570a,492350,Cicerbita,Marzo,0,,872,,,1900,Agosto,,L.,"Erba latéa, Sóore",,,
2945,"Sonchus arvensis",Specie,"C. nei campi e in luoghi arenosi fino al limite sup. delle colture.",8f4bd89f2103643a0463e6cefcded2cc,492387,"Crespino dei campi",Giugno,,,871,,,,Novembre,,L.,,,,
2944,"Taraxacum alpinum",Specie,"Fr. luoghi umidi e ricchi di humus, ma anche tra i sassi. A. ca. 500 m. in prossimità delle \'Buche del ghiaccio\' di Appiano (Pfaff).",5e2491d31781331ffb1a36f86a11dd0b,49902160,,Giugno,2200,,,,,3000,Agosto,,Hoppe.,,,,
2943,"Taraxacum officinale",Specie,"C. tanto in luoghi incolti che coltivati.<br />Le fg. giovani sono commestibili sia crude come insalata che come succedaneo degli spinaci^ la radice può servire, torrefatta, come succedaneo del caffè.<br /><br />Specie assai polimorfa, della quale si distinguono parecchie ssp, e numerose var. Anche le tre entità <em>T. palustre</em>, <em>T. alpinum</em> e <em>T. levigatum</em>, vengono da certi Autori considerato come semplici ssp. di <em>T. officinale</em>.",797de4d6b145d6ca7e45e4ee98263539,52374704,"Dente di Leone, Soffione",Marzo,0,,869,,,2200,Novembre,,,"Dente de cagn, Radís","Globéti, Luméti, Lumini, Sploverini",,
2942,"Taraxacum laevigatum",Specie,"In luoghi aridi e sassosi.",1289fad430698bc9bedce46826bb2af3,52374705,,Giugno,0,,,,,2200,Novembre,,DC.,,,,
2941,"Taraxacum palustre",Specie,"In luoghi erbosi umidi.",c8f577677894db64b780b56bcbe5695a,392625,,Marzo,700,,,,,2200,Agosto,,"Lam. et DC.",,,,
2940,"Chondrilla condrilloides",Specie,"Sulle ghiaie di torrenti dì montagna, su substrato calcareo, nella parte merid. della reg., ma pure a Landro e a Carbonin (Pusteria sud-or.).",112995c79b524efe35b24bc09cb923e3,6241072,,Giugno,0,,,,,1000,Agosto,,Fritsch.,,,,
2939,"Chondrilla juncea",Specie,"In luoghi sassosi e soleggiati, lungo le strade; verso nord fino a Lasa in Val Venosta e a Vipiteno.",a84428159c66b1f20174710a6e3503aa,467604,Lattugaccio,Giugno,0,,868,,,1000,Novembre,,L.,Sgreténi,,,
2938,"Scorzonera aristata",Specie,"Nei pascoli montano-alpini.",47af652a6e60ae7f447f32e847ce9ec9,6245966,,Giugno,,,867,,,,Agosto,,Ram.,,,,
2936,"Scorzonera humilis",Specie,"Su prati paludosi.<br /><br /><em>S. hispanica</em> L. Scorzonera, con f. alto fino a 1 m., foglioso, portante 2-più capolini, e acheni periferici con 5 costole scabre, è stata rinvenuta unicam. a nord di Nomi su rocce cespugliate.",83de3841c1043717e75bf0ad05d50a7a,6246109,,Giugno,700,,,,,1900,Agosto,,L.,,,,
2935,"Scorzonera austriaca",Specie,"Su rocce esposte al sole e su muri: nella parte mcrid. della reg. (Val Venosta, Bressanone, circondario di Bolzano e Tr. occid. (ma pure presso Borgo) fino a un'altitudine di ca. 900 m.",7a0ce81bfbde80492bdaea0e0140108d,6245975,,Marzo,,,,,,,Maggio,,Willd.,,,,
2934,"Scorzonera rosea",Specie,"Su prati e pascoli montano-alpini del Tr. merid. (Broccone, M. Baldo, Bondone Alpi Ledrensi).",d7404e066c651cdc1b21da43eeac3c99,13537525,,Giugno,,,,,,,Agosto,,"W. et K.",,,,
2933,"Tragopogon pratensis",Specie,"Nella forma tipica i fi. del raggio sono giallo-pallidi e più brevi dell'involucro; nella <em>ssp. orientalis</em> Vollmann., più freq., sono giallo-dorati e più lunghi dell'involucro.<br /><br />C. nei prati.",5d7f21af28b7ae15eea3bd9227670e16,503271,,Marzo,0,,866,,,1900,Agosto,,L.,,,,
2932,"Tragopogon dubius",Specie,"Su pendii soleggiati, lungo le strade di campagna.",37a0a77871acb597549c3c605f061fa6,503267,"Barba di becco",,0,,,,,1000,,,Scop.,"Barba de bec",,,
2931,"Picris echioides",Specie,"Su macerie, lungo strade non curate ih vicinanza degli abitati, ma anche in prati e campi. Rinvenuta in numerosi punti della Valle dell'Adige da Rovereto a Bolzano, ma anche a Bressanone. Originaria dei paesi circostanti al Mediterraneo e di comparsa freq. ma effimera e pertanto non naturalizzata.",305ef40328fe3869fe585fbd3708c3c8,49543538,,Giugno,0,,865,"( = Helminthia echioides Gaertn.)",,300,Novembre,,L.,,,,
2930,"Picris hieracioides",Specie,"C. nei prati asciutti e in luoghi incolti.",07dc5ee0f302ad21daa1b7b84360440d,509379,,Giugno,0,,864,,,1000,Novembre,,L.,,,,
2929,"Leŏntodon pyrenaicus",Specie,"In luoghi erboso-sassosi, ma ricchi di humus e su sfasciume di rocce.",4ac7ece9cd3a97b07b54572e6f8db848,52374742,,Giugno,1900,,,,,3000,Agosto,,Gouan.,,,,
2928,"Leŏntodon crispus",Specie,"Su pendii rocciosi e soleggiati del Tr. merid.",14f5c5b4c42573bd69c47e9a9098cacd,6248527,,Marzo,0,,,,,700,Agosto,,Vill.,,,,
2927,"Leŏntodon hispidus",Specie,"C. nei prati, nei pascoli, su macerie ecc.<br /><br />Esistono varietà glabre o quasi come: <em>var. glabratus</em> Bischoff. con fg. sinuato-dentate, eccezionalm. pennatifide e <em>var. hyoseroides</em> Beck. con fg. pennatosette a lacinie quasi lineari.",fc4d3eb0f5f3b6dc584294c2b2fce130,503435,,Giugno,0,,,,,3000,Agosto,,L.,,,,
2926,"Leŏntodon incanus",Specie,"In luoghi soleggiati erboso-rupestri. Fra il Rifugio del Tuckett e la Bocca di Brenta a 2200 m..",efd3250dc29069edecc181e1b78f341d,5127098,,Marzo,0,,,,,3000,Agosto,,Schrank.,,,,
2925,"Leŏntodon montanus",Specie,"In pascoli sassosi e su sfasciume di rocce.",e4e5909fdf0fffcdb01db089165bb2b0,49951030,,Giugno,2200,,,,,3000,Agosto,,Lam.,,,,
2924,"Leŏntodon autumnalis",Specie,"Nei prati e nei pascoli magri.",afe6d09dcfa2b61e4e23e39d6b6ff6bc,52374743,,Giugno,700,,863,,,2200,Agosto,,L.,,,,
2923,"Hypochaeris maculata",Specie,"Poco freq. su prati magri, specialm. se alberati di Larici o Betulle.",57b6e9d6b88fb08a89859b632fcbe807,6251463,,Marzo,700,,862,,,1900,Agosto,,L.,,,,
2922,"Hypochaeris uniflora",Specie,"Nei prati e nei pascoli montano alpini. Sul Col di Quaira (Stelvio) rinvenuta a 2470 m. (Rotula).",c0cc7d75c14eb055f02b3213e555bd29,6251576,,Giugno,,,,,,,Agosto,,Vill.,,,,
2921,"Hypochaeris radicata",Specie,"Nei prati, nei pascoli ed anche in luoghi incolti.",2b17dce6744e51caabc6168d4603d25b,52374749,,Marzo,0,,861,,,1400,Novembre,,L.,,,,
2920,"Cichorium endivia",Specie,"Coltivata in diverse var. per le sue fg.; originaria dei paesi circostanti al bacino del Mediterraneo.",32aead4b6cfd52bce4b2c67c8e88cfa8,488332,Indivia,Giugno,,,,,,,Novembre,,L.,,,,
2919,"Cichorium intybus",Specie,"C. in luoghi incolti.<br />Da questa specie selvatica deriva il Radicchio, coltivato in numerose var., sia per le sue fg. che per le sue radici.<br />La decozione della sua radice, come anche quella delle fg,, costituisce un tonico leggero dello stomaco ed è pure lassativa; colle radici torrefatte si prepara poi notoriam. un surrogato del caffè.",e833bb8db2fdcb601177edcddd8ac175,467862,Cicoria,Giugno,0,,858,,,1000,Novembre,,,Radís,,,
2918,"Centaurea cyanus",Specie,"C. nei campi, specialm. se coltivati a cereali. Imo al limite sup. delle colture.<br /><br />È p. originaria dei paesi mediterranei, penetrata nella reg. probabilm. colle sementi dei cereali, pochi secoli or sono, raggiungendovi rapidam. una larghissima diffusione.",0902880ce5e18cdef72e64218030ee61,52374785,Fiordaliso,Marzo,,,857,,,,Agosto,,L.,"Batifégola, Biavéte, Fior de la Madona, Florblavéta, Gloríni",,,
2917,"Centaurea triumfetti",Specie,"Sui prati montani, nei boschi radi, tra i Mughi e i Rododendri in gran parte del Tr..",8ade0251f7c0ab016cd2f835aa46389c,46343023,,Giugno,700,,,,,1900,Agosto,,All.,,,,
2915,"Centaurea pseudophrygia",Specie,"In luoghi simili alla precedente; soltanto nell'A.A.<br /><br />Su prati presso Bressanone rinvenuta anche la <em>C. stenolepis</em> Kern. che si distingue dalla \'pseudophrygia\' per le fg. sup. a lamina più stretta, attenuata alla base, come pure per i capolini ovoidali, di un verde-grigiastro, raram. solitari, per lo più parecchi in corimbo.",9c6b83a6bfb5c2f5867c9c4293cb346c,49929621,,Giugno,,,,,,,Agosto,,"C.A. Meyer.",,,,
2914,"Centaurea nervosa",Specie,"Freq. nei prati e nei pascoli montano-alpini.",d6aaa1b80bfd83efbf7b08a9c6eb6ee8,1277401,,Maggio,,,,,,,Giugno,,Willd.,,,,
2913,"Centaurea rhaetica",Specie,"In luoghi erboso-cespuglio-si e nei pascoli montani della parte sud-occid. della reg. (Riva, Valli di Ledro e del Chiese). Endemismo dal Lago ai Como al Garda, nonché delle Alpi Retiche.",52448c859c08ffa49ed5ccc6bff0c506,6217186,,Giugno,0,,,,,1900,Agosto,,Moritzi.,,,,
2912,"Centaurea dubia",Specie,"Nei prati e nei pascoli piuttosto umidi, al margine dei boschi.",35dc1d53723d692266c057fdbb87d7a2,467680,,Giugno,0,,,,,1900,Agosto,,Spr.,,,,
2911,"Centaurea bracteata",Specie,"In luoghi boschivi ed erbosi, ma aridi.",d354705f67c0c7fe0dd5c6bf25b514e2,49902218,,Giugno,0,,,,,1900,Agosto,,Scop.,,,,
2910,"Centaurea scabiosa",Specie,"Freq. in luoghi erbosi asciutti, nei boschetti.<br />Freq. su rocce calcaree la ssp. tenuifolia Hayek con fg. per lo più bipemnatifidc, liscie e lucenti e capolini più piccoli (18 nini.), a squame involucrali tomentoso-farinose. Su prati montani dell'A. A. cresce la ssp. alpestris Hayek per lo più con 1 solo e grosso capolino a involucro nero.",42e73ba8990efca4f578e8dd06ab0834,467676,,Giugno,0,,856,,,1900,Agosto,,L.,"Denti de restrél",,,
2909,"Centaurea maculosa",Specie,"In luoghi aridi e soleggiati, lungo le strade; nella parte occid. della reg.; nell'orientale indicata soltanto della bassa Valsugana e di Brunico. Più diffusa la ssp. rhenana Gugler, con appendici delle squame a ciglia nere o bruno-scure; sovente con apice bianco, e pappo lungo ½ dell'achenio.",517c25916737fcf4ebe4a819f7df99ab,52374787,,Giugno,0,,,,,1900,Novembre,,Lam.,,,,
2908,"Centaurea rhapontica",Specie,"Su prati e pascoli pingui di montagna, nonché in luoghi cespugliosi del Tr. sud-occid., però anche nell'Alta Val Venosta (verso il Piz Lat).",3da91e81fbba7b3038fed5a9d850c7bc,47141727,,Giugno,1900,,855,"(= Rhaponticum scariosum Lam.)",,2200,Novembre,,L.,,,,
2907,"Centaurea calcitrapa",Specie,"In luoghi sterili, su macerie, lungo strade secondarie, al piano, nel circondario di Rovereto e, come avventizia, anche altrove.",103f09e6b16c6116d1eb980df8698712,467764,,Marzo,,,854,,,,Agosto,,L.,,,,
2905,"Cirsium heterophyllum",Specie,"Nei prati umidi, su pascoli torbosi, presso ruscelli.",d00ac4123d7bc490b757969bf7b55de7,6196610,,Giugno,0,,851,,,2200,Agosto,,Hill.,,,,
2904,"Cirsium acaule",Specie,"Freq. nei prati montani e alpini.",394a055aef07a5250bfb6e9bbc3b7c6d,6196184,,Giugno,,,850,,,,Novembre,,Scop.,,,,
2903,"Cirsium montanum",Specie,"In luoghi umidi dei boschi, presso i corsi d'acqua.",5c2030470ce2d385942dbca61721f21c,6196219,,Giugno,1000,,,,,1900,Agosto,,Spr.,,,,
2902,"Cirsium arvense",Specie,"C. nei campi, lungo le strade, al margine dei boschi.",e8f9ac73059d73894a4754c60beebddc,468373,"Stoppione, Scardaccione",Marzo,0,,849,,,1900,Novembre,,Scop.,"Spin de camp, Spin de rugant",,,
2901,"Cirsium pannonicum",Specie,"In luoghi erboso-sassosi e cespugliosi.",92d2d19c15bfdbd14c7f12a224f00920,2865649,,Giugno,700,,,,,1000,Agosto,,L.,,,,
2900,"Cirsium palustre",Specie,"C. in luoghi umidi.",9cc5a0c04d96e0affab01e826788c003,468314,,Giugno,0,,848,,,1900,Agosto,,Scop.,,,,
2899,"Cirsium eriophorum",Specie,"Come il precedente.",9aad548a1b0d6b8551015004eee178f6,6196492,"Cirsio lanoso",Giugno,700,,847,,,2200,Agosto,,Scop.,,,,
2898,"Cirsium lanceolatum",Specie,"C. lungo le strade, nelle siepi, nei pascoli.",e570fad666c9dc45761c0202ca4d51f0,55731914,"Caldo asinino",Giugno,0,,,,,1900,Novembre,,Hill.,,,,
2897,"Cirsium spinosissimum",Specie,"In luoghi umidi e sassosi e specialm. sui pascoli di montagna, in vicinanza degli edifici delle malghe.",ea35768100a3fa8b9f469c2c3167a96a,11263873,,Giugno,1900,,,,,3000,Agosto,,Scop.,,,,
2896,"Cirsium oleraceum",Specie,"In prati paludosi, in luoghi cespugliosi umidi.<br /><br /><em>C. carniolicum</em> Scop., rinvenuto soltanto nell'Alta Vallarsa su pendii sassosi, tra i Mughi e i Rododendri o tra alte erbe, si distingue dal <em>C. oleraceum</em> per le fg. cingenti i capolini lanceolate e non scolorate, nonché per la parte sup. del f. e i peduncoli dei capolini fittam. coperti di peli color ruggine; E.",8b8a710e7c5c0ea4f14098fbe338f759,6196877,,Giugno,0,,846,,,1000,Agosto,,Scop.,,,,
2894,"Cirsium erisithales",Specie,"Al margine dei boschi e in luoghi ombrosi, nei prati montani. (questa specie si presenta talvolta anche con capolini rossicci).",e92d9f7a79c3bf2ca94184ae3f2c6e73,6196497,,Giugno,700,,,,,2200,Agosto,,Scop.,,,,
2892,"Carduus acanthoides",Specie,"Su macerie, lungo le strade, al margine dei campi.<br /><br />Ha pure capolini agglomerati, ma fg. verdi-scure di sopra e grigio o bianco-tomentose di sotto, anche le sup. dentato-pennatifide e attenuate alla base e inoltre f. fragile: <em>C. crispus</em> L. citato come rinvenuto a Villa Lagarina, Chiusole e Isera in un catalogo d'Erbario di B. Rotula che erborizzò nel Tr. alla fine del sec. scorso.",25e82cf42867c2215589eda56b0211b7,469125,,Giugno,0,,,,,1000,Agosto,,L.,,,,
2891,"Carduus personata",Specie,"In luoghi erboso-cespugliosi, in prati pingui, nelle siepi.",dc58f7fd5d5a7c57c0f76012793c2a7c,6236298,,Giugno,700,,,,,1900,Agosto,,Jacq.,,,,
2890,"Carduus carduelis",Specie,"Raro su prati montani e in punti erbosi dei boschi.",f3176211731c46182995c4ede48db9c8,13716605,,Giugno,700,,,,,1900,Agosto,,Gren.,,,,
2889,"Carduus defloratus",Specie,"In luoghi selvatici, asciutti e soleggiati. Negli orizzonti 4-7 è largam. diffusa la var. raeticus DC. che si distingue per il f. largam. alato ed armato di robuste spine; per la glaucescenza delle sue fg. da pennatifide a pennatopartite, a segmenti lobati ed a margini crespi e spinosi, nonché per le squame esterne dei capolini bruscam. ristrette in una punta sottile. Nella parte merid. della reg. prevale la subvar. tridentinus Gugler che spicca per le sue fg. assai glauche e meno profondam. incise.",e91490a471e9305edd1607792306ef36,6235993,,Giugno,700,,845,,,3000,Agosto,,L.,,,,
2888,"Carduus nutans",Specie,"C. in luoghi incolti, sassosi e asciutti, lungo le strade e nelle siepi.",7404ce15c037e39cf9609c3d6fec11fb,469131,"Cardo rosso",Giugno,0,,844,,,1900,Novembre,,L.,,,,
2886,"Arctium minus",Specie,"Come il precedente; A Peio a 1550 m.",6d4c156d237d2a5524e994fa4e5c1b21,468153,Lappola,Marzo,0,,,,,1000,Agosto,,Bernh.,"Erba petolára, Petolára","Pétole, Tacanél",,
2885,"Arctium lappa",Specie,"Nelle stesse stazioni del precedente.",ec9b3e25b5752420cfdd7793b1c8ffb1,468152,"Bardana, Lappola",Giugno,700,,842,,,1000,Novembre,,L.,"Erba petolára, Petolára","Pétole, Tacanél",Bardiana,
2884,"Arctium tomentosum",Specie,"Su macerie, lungo le strade, in radure con altre p. erbacee, nonché lungo le sponde di ruscelli.",882d73923bf3b0bf4e33c60ca1879cf3,468166,,Giugno,700,,,,,1000,Novembre,,Mill.,,,,
2883,"Carlina vulgaris",Specie,"Su pendii erboso-cespugliosi, asciutti e soleggiati, nonché in luoghi sterili.",f76c669f76085bc113f3342ef7df13d0,467752,,Giugno,0,,841,,,1000,Novembre,,L.,,,,
2882,"Carlina acaulis",Specie,"Freq. in luoghi erbosi, asciutti.<br /><br />Il ricettacolo è commestibile tanto crudo che cotto e condito come i carciofi.",f495ff870bc146e9efd45d3dda222c6f,6207226,"Carlina, Cardo di S. Pellegrino, Carlina bianca",Giugno,700,,,,,3000,Agosto,,L.,"Articiochi de mont",,,
2880,"Senecio erraticus",Specie,"In luoghi umidi, su macerie.<br /><br />Assomiglia al <em>S. erraticus</em> il <em>S. aquatlcus</em> Huds., che se ne distingue per i rami eretto-ascendenti e le lacinie laterali delle fg, formanti un angolo molto acuto colla rachide; anche i rami dell'infiorescenza sono suberetli; p. (2) alta 2-6 dm. In prati umidi e luoghi acquitrinosi dei piano e dei colli. Esistente sotto Frangano (Bolzano) nella fossa dell'Adige (Herm. Handel-Mazzetti in \'Der Sehlern\', 1959, fase. 1-2) e forse anche altrove.",db40ea98cf924d37efc59b4470f1cf0b,50247310,,Giugno,0,,,,,1000,Novembre,,Bert.,,,,
2879,"Senecio jacobaea",Specie,"In luoghi sassosi e ombrosi, lungo le strade.",d9eb29a4320aba587a8a7776ee8aa82f,52374912,"Erba chitarra",Giugno,0,,,,,1000,Agosto,,L.,,,,
2878,"Senecio rupestris",Specie,"In luoghi sassosi ed aridi, ma anche al margine dei campi.",8f2a1ad73c1c56df85b7ad3a8a1f900b,49945573,,Giugno,0,,,,,2200,Novembre,,"W. et K.",,,,
2877,"Senecio abrotanifolius",Specie,"Su pendii ricchi di vegetazione, tra mughi e ginepri.",fa362be71f2d63b520e220c8161e7ec3,31048698,,Giugno,1900,,,,,3000,Agosto,,L.,,,,
2876,"Senecio incanus",Specie,"ssp. carniolicus Br. Bl.(solo questa ssp. esistente nella reg.). Su terreno umifero e poco erboso, su sfasciume di rocce, in fessure delle rupi; soltanto su substrato siliceo (od anche calcareo, se coperto di humus).",a2d764ba065e6f8abbe7511893aa6123,50247319,,Giugno,2200,,840,,,3000,Agosto,,L.,,,,
2875,"Senecio silvaticus",Specie,"Su terreno coltivato, su macerie e nelle radure dei boschi; per il Tr. indicato soltanto del M. Peller (Loss) e tra Lodrone e Riccomassimo (Béguinot).",6c0c28091433c9da6d8dbcc9e450eb4d,484899,,Giugno,700,,,,,1900,Agosto,,L.,,,,
2874,"Senecio viscosus",Specie,"In luoghi aridi e soleggiati, lungo le strade.",78549eb04a6b62d93514e410c45fc95e,468415,,Giugno,0,,,,,1900,Agosto,,L.,,,,
2873,"Senecio doronicum",Specie,"Su pendii erboso-sassosi; sul Piz Lat a 2650 m.",885f0b73366cc72dc9e2f9f8cc824b5e,6188840,,Giugno,1000,,839,,,3000,Agosto,,L.,,,,
2872,"Senecio paludosus",Specie,"In luoghi paludosi del piano in Val d'Adige, a partire da sotto Merano verso sud; Caldonazzo, Torbole.",57c31ffc89935b25f8bbd96710d8f0eb,52467279,,Giugno,,,,,,,Agosto,,L.,,,,
2871,"Senecio fuchsii",Specie,"Al margine dei boschi, tra i cespugli in prossimità di ruscelli.",2daf5d0f988705e202238a3e41b15b16,50247346,,Giugno,1000,,,"(= S. nemorensis L. ssp. fuchsii Dur.)",,2200,Agosto,,Gmel.,,,,
2870,"Senecio alpinus",Specie,"Nei boschi radi, in luoghi umidi e specialm. in prossimità delle stalle delle malghe.<br /><br /><em>S. subalpinus</em> Koch. rinvenuto finora solo in Valsugana panche in Val del Grigno, a monte di Pieve Tesino (D) si distingue per le fg. inf. di lunghezza pari alla larghezza (nel <em>S. alpinus</em> la prima e maggiore), le mediane e sup. con picciolo largam. alato e orecchiette ± incise e abbracciane parzialm. il f. In luoghi erbosi ed umidi e lungo i corsi d'acqua; 4-5; E.",e9850d4e7c1524bf39b95d3e9691c55b,49929563,,Giugno,1000,,838,,,2200,Agosto,,Scop.,,,,
2868,"Senecio vulgaris",Specie,"C. tanto nei campi che in luoghi incolti e lungo le strade.<br /><br />Nelle parti più calde della reg. si trova in fi. quasi tutto l'anno.",d36bded8dbc1d3d20fc35724df1ed594,468416,"Verzellina, Calderugia.",,0,,837,,,1900,,,L.,,,,
2867,"Senecio cacaliaster",Specie,"Al margine dei boschi e specialm. in prossimità degli edifici delle malghe.",dc53043d1e8edf794a57cd414bceddb6,6188208,,Giugno,1000,,,,,1900,Agosto,,Lam.,,,,
2866,"Senecio brachychaetus",Specie,"Sui prati e pascoli di montagna ed anche in luoghi cespugliosi.",c5e261c87572644b2d35a15d4d4f1265,52531122,,Giugno,1000,,836,"[ S. helenilis Schinz et Thellg ssp. brachychaetus (DC)]",,2200,Agosto,,DC.,,,,
2865,"Senecio cruentus",Specie,"Originaria delle Canarie",8203aa311b0095d4483a8ad5df1ca59c,6254265,Cineraria,,,,,,,,,,DC.,,,,
2864,"Doronicum clusii",Specie,"Abbastanza freq. in luoghi rupestri e sassosi.",cf0d6891da7a359aca3f7b807593f4d7,6229896,,Giugno,1900,,,,,3000,Agosto,,Taush.,,,,
2863,"Doronicum glaciale",Specie,"In luoghi sassosi e scarsam. erbosi.",2a713c42e1a8cf6f6e7ad8142110debe,6229916,,Giugno,1900,,,,,3000,Agosto,,Nym.,,,,
2862,"Doronicum grandiflorum",Specie,"In luoghi sassosi e nelle fessure delle rupi dei monti calcarei.",47a5d635e0a6a7ed5dc86801ce834634,6229920,,Giugno,1900,,,,,3000,Agosto,,Lam.,,,,
2861,"Doronicum austriacum",Specie,"In luoghi boschivi e nei pascoli del Tr.; da accertare per l'A.A. centrale e occid.",562646d77a77e60a22c7a8f70c7c9d44,6229863,,Giugno,1000,,835,,,1900,Agosto,,Jacq.,,,,
2860,"Doronicum cordatum",Specie,"In luoghi sassosi e umidi, su terreno calcareo.<br /><br />In Val della Saliera (Val Gardena) a 2400 m. (Chiarugi).",77c488a537cb255ac28e51a85d2ed6c6,49032681,,Giugno,1900,,834,"(= D. columnae Ten.)",,3000,Agosto,,Sehulz-Bip.,,,,
2859,"Homogyne discolor",Specie,"Nelle stesse stazioni della specie precedente.",8fdff029b66f64c236af84c1e9c481eb,6271006,,Giugno,,,,,,,Agosto,,Cass.,,,,
2858,"Homogyne alpina",Specie,"Nei boschi radi e nei pascoli. A 500 m. a Sopramonte (Trento), a ca. 750 m. nei dintorni delle \'Buche dei ghiaccio\' di Lasés (D) e freq. a ca. 500 m. presso quelle di Appiano (Pfaff); a 2600 m. alla Forcella di Mont dall'Ega (Val Gardena) (Chiarugi).",e6d0e26c619695e3456538bb9a99f7a9,6271003,,Marzo,1000,,831,,,3000,Maggio,,Cass.,,,,
2857,"Petasites niveus",Specie,"Freq. in luoghi sassosi, su terreno di frana; però anche a minore altitudine, trasportato dalle acque.",c90372420b011d22e3f20828957212dc,6195508,,Marzo,1900,,,"(= P. paradoxus Baumg.)",,2200,Maggio,,Baumg.,,,,
2856,"Petasites officinalis",Specie,"In luoghi umidi, sovente in numero rilevante di individui.",40d1e050fa04c8b150bb9e074342924b,468820,Farfaraccio,Marzo,0,,830,,,1000,Maggio,,Moench.,"Bardàna, Brédene, Capussi de vecia, Pé d'asen, Pié de musa",,Bardiana,
2855,"Petasites albus",Specie,"In luoghi ombrosi, umidi e ricchi di humus.",e6cf21299f284b2adb2a1e11bda11d74,6195471,,Marzo,700,,,,,1900,Maggio,,Gaertn.,,,,
2854,"Artemisia vulgaris",Specie,"C. in luoghi incolti, lungo le strade ecc. non di rado in gran numero di individui.<br /><br />Le somiglia nell'aspetto complessivo: <em>A. verlotorum</em> Lamte., p. infestante originaria dell'Asia or., penetrata nella rcg. durante la prima guerra mondiale e da allora non più scomparsa dai campi e specialm. dalle strade e da macerie nelle località più calde del Tr. merid. e in Val d'Adige da Bolzano a Merano, senza tuttavia raggiungervi la temuta frequenza. P. con odore aromatico (simile a quello dell'Assenzio); rizoma strisciante; tutte le fg. a lobi lineari, interi, capolini assai piccoli, quasi emisferici con fioritura assai tardiva; 2; A.",3111143900b2509aa5a9608e056fa52e,850415,Canapaccia,Giugno,0,,829,,,1900,Novembre,,L.,"Erba legn, Medemaistro mat",,,
2851,"Artemisia campestris",Specie,"In luoghi asciutti e soleggiati, rocciosi o sabbiosi, lungo le strade di campagna.<br /><br />Rinvenuta nell'alta Val Venosta e in Val Pusteria (Tures), la <em>A. borealis</em> Pall. (considerata anche come ssp. di A. campestris); p. non più alta di 25 cm. con fg. suddivise in lacinie lineari, mucronate e capolini globosi, per lo più in racemo semplice; 5-7; E.",3f47c2e45f927c82854fe39d3c95e5c8,52531204,"Assenzio selvatico, Ambrosia",Giugno,0,,828,,,2200,Novembre,,L.,"Ambróneghi, Ambrónie, Slambródoi",,,
2850,"Artemisia absinthium",Specie,"In luoghi soleggiati ed aridi, lungo le strade.<br /><br />L'infuso delle fg. e delle sommità fiorite costituisce uno stimolante delle funzioni digestive e un buon vermifugo. L'uso continuato dell'infuso e più ancora quello di liquori a base di Assenzio dà però luogo a disturbi anche gravi del sistema nervoso.",3a983c690ef436025742bb25e2ea37a5,469712,Assenzio,Giugno,0,,,,,1900,Novembre,,L.,"Médec, Medemaistro",,,
2849,"Artemisia camphorata",Specie,"In luoghi sassosi e soleggiati del Tr. nonché nell'A.A. tra Bolzano e Merano.",0c48137de237d71779dd59765cec432d,52531174,"Abrotano, Ambrosia",Giugno,0,,,"(= A. alba Turra)",,700,Novembre,,Vill.,Slambródoi,,,
2847,"Artemisia nitida",Specie,"Sulle rupi e su detriti di rocce a preferenza calcaree o dolomitiche.",07e303ead05c639ef7cce316a415149b,6180383,,Giugno,,,,,,,Agosto,,Bert.,,,,
2846,"Artemisia laxa",Specie,"In località rupestri, su terreno non calcareo od umifero ed acido.",511babf8b24bff497d99b7dd2f16c31e,596476,,Giugno,1900,,,"(= A. mutellina Vill.)",,3000,Agosto,Sì,Fritsch,,,,
2845,"Artemisia genipi",Specie,"In luoghi rupestri, su terreno minerale non calcareo o su substrato umifero ed acido.<br /><br />La p. viene raccolta per preparare decozioni sudorifere, ma specialm. per liquori aromatici.",3c42ee8586905c11d5fc21b2e7a6f8f1,6180037,Genepì.,Giugno,2200,,,,,3000,Agosto,Sì,Web.,,,,
2844,"Chrysanthemum parthenium",Specie,"P. originaria dell'Oriente, sovente coltivata negli orti e inselvatichita presso le case, su macerie.<br /><br />La p. viene qui e lì impiegata quale succedaneo della Camomilla comune.",3f0334361aaff013436e9dfa9770e4a5,49902082,"Matricale, Amareggiola",Giugno,,,827,,,,Novembre,,Bernh.,"Erba binachéta",,,
2843,"Chrysanthemum corymbosum",Specie,"In luoghi erboso-cespugliosi.",f090665e8f1ac45c5af5774bc9d57197,50257158,"Cola grande",Giugno,0,,,,,1900,Novembre,,L.,,,,
2842,"Chrysanthemum leucanthemum",Specie,"C. nei prati e nei pascoli.<br /><br />Specie assai polimorfa.",6eebc51502b0041367a1879abf917cb3,49902078,"Margherita, Occhio di bove",Marzo,0,,,,,3000,Novembre,,L.,,,,
2841,"Chrysanthemum alpinum",Specie,"Su terreno sassoso e siliceo, non mancante però neppure sui monti calcarci.",4fd47813aad624bb74cf003b048fa761,486732,,Giugno,1900,,826,,,3000,Agosto,,L.,,,,
2840,"Chrysanthemum frutescens",Specie,"Originaria delle Canarie; fiorisce per gran parte dell'anno.<br /><br />Le Margherita a capolini grandissimi che sono ora di voga, portano il nome di <em>Ch. maximum</em> e rappresentano un incrocio tra due specie della penisola Iberica (<em>Ch. maximum</em> e <em>Ch. latifolium</em>).",6e822c29404c9409c48783f37d8cc675,486899,Margherita,,,,,,,,,,L.,,,,
2839,"Chrysanthemum indicum",Specie,"Originario dell'Estremo Oriente. (esistono però anche var. a fioritura precoce).",277d6c8d7c5a8b776110b11a11796277,467513,Crisantemo,Settembre,,,,,,,Novembre,,L.,,,,
2838,"Chrysanthemum vulgare",Specie,"Lungo i fiumi, al margine dei boschi, in luoghi incolti.",501d63f518f23931aa17f95fc75436fd,55731913,Tanaceto,Giugno,0,,825,"(= Tanacetum vulgare L.)",,1000,Agosto,,Bernh.,"Antenéda, Danéa, Danéda, Erba per le fortaíe, Tanaéda",,,
2837,"Matricaria discoidea",Specie,"In luoghi incolti, presso le case e le stazioni ferroviarie.<br /><br />Specie penetrata nella reg. durante la prima guerra mondiale ed al presente largam. diffusa.",d2af6582689660ae61df59fb7b5c584b,488415,,Marzo,0,,,,,2200,Novembre,,DC.,,,,
2835,"Matricaria chamomilla",Specie,"C. presso gli abitati ed anche coltivata.<br /><br />Durante la prima guerra mondiale è apparsa nella reg. e si i successivam. assai diffusa, per alcuni anni, specialm. nella Val d'Adige, ma anche in montagna, dove stazionarono truppe: <em>M. maritima</em> L. (= <em>M. inodora</em> L.). Al presente sembra divenuta assai rara. Si distingue dalla comune Camomilla perché non aromatica; ha più alta statura e i capolini hanno un diametro maggiore (4-5 cm.), il ricettacolo del capolino non è cavo, ma pieno. Originaria dell'Europa sett.",385bf3d6ad455c44b21942979dd9ac7d,820061,Camomilla,Marzo,0,,,,,1000,Agosto,,L.,Camamila,,,
2834,"Achillea millefolium",Specie,"C. nei prati, nei pascoli ed anche in luoghi sterili.<br /><br />P. aromatica, come la specie precedente, che viene usata per preparare infusi ad azione calmante; il succo della p. fresca per le sue proprietà astringenti favorisce la cicatrizzazione delle ulcerazioni.",579936b1e1f1d249e9e19afd35f15109,467225,Millefoglio,Marzo,0,,,,,3000,Novembre,,L.,Milifói,,,
2833,"Achillea tanacetifolia",Specie,"Nei prati e nei pascoli.",92ade7a03c1479396bd547495110c01f,50245469,,Giugno,1900,,,,,3000,Agosto,,Fiori.,,,,
2832,"Achillea tomentosa",Specie,"In luoghi soleggiati e asciutti.<br /><br />Capolini giallo-pallidi o bianchi, con ligulette 3-4 volte più brevi dell'involucro e fg. a contorno ovato-oblungo, bi-tripennatosette, a lacinie ± dentate, possiede: <em>A. nobilis</em> L. Assai rara. Rinvenuta sopra Nogaredo (Rovereto), sui monti intorno a Lana e in Val Venosta (Glorenza, presso Tubre in Val Monastero).",e1b2e35a978046e3f413856845e4dcff,11260586,,Giugno,0,,,,,700,Agosto,,L.,,,,
2830,"Achillea atrata",Specie,"In luoghi sassosi e piuttosto umidi dei monti calcareo-dolomitici.",b51e3c046e33bb26bb18a3f04c697298,6172843,,Giugno,1900,,824,,,3000,Agosto,,L.,,,,
2829,"Achillea moschata",Specie,"In luoghi sassosi, su terreno siliceo.<br />Questa specie viene largam. raccolta per infusi calmanti e stomachici.",17b0c747835233bb900fa06c556ec52e,49901939,,Giugno,1900,,823,,,3000,Agosto,Sì,Wulf.,,,,
2828,"Achillea oxyloba",Specie,"In luoghi rocciosi c-sassosi delle Dolomiti. Alla Forcella del Sassolungo (Val Gardena) a 2679 m. (Chiarugi).",922c6f7c9279057dc88a420393b06538,6173146,,Giugno,1900,,,"(= Anthemis alpina L)",,3000,Agosto,,"F. Schultz",,,,
2827,"Achillea macrophylla",Specie,"In luoghi ombrosi.",4b6edf728b12ec1f38cfd06ca882a343,6173085,"Achillea maggiore",Giugno,1000,,,,,1900,Agosto,,L.,,,,
2826,"Achillea nana",Specie,"In luoghi rocciosi o sassosi, su suolo non o debolm. calcareo nella parte occid. della reg.",eb456b529edd6fe868eeb6a3a4c5dee2,6173130,,Giugno,2200,,,,,3000,Agosto,,L.,,,,
2825,"Achillea clavenae",Specie,"In luoghi sassosi dei monti calcarei e dolomitici.",77ff5c4eb707cfe96d53df713a61ddbd,,,Giugno,1900,,821,,,3000,Agosto,,L.,,,,
2824,"Achillea ptarmica",Specie,"In luoghi paludosi, nei canneti. Rinvenuta con carattere di spontaneità soltanto nella media Valle di Non (Cles, Rallo, Flavon-Denno), mentre è sovente coltivata, anche con capolini \'doppi\' (cioè con fi. a linguetta anche nel disco).",e7361d650845718b4af85b9e2db04caf,467230,,Giugno,,,,,,,Novembre,,L.,,,,
2823,"Anthemis arvensis",Specie,"C. nei campi e lungo le strade di campagna.",a2f84bec58363746814aea165a2c5ed8,468395,"Camomilla bastarda",Marzo,0,,820,,,2200,Agosto,,L.,,,,
2822,"Anthemis cotula",Specie,"Piuttosto rara, lungo le strade, presso gli abitati.",78be279703887a58d1811dd929251c9c,468394,,Giugno,0,,,,,300,Agosto,,L.,,,,
2821,"Tagetes patulus",Specie,"Con f. come la precedente e capolini per lo più aranciati, portati da peduncoli superiorm. poco ingrossati",4a725c55268d1dd648951b8acb2cfd90,52374879,,Giugno,,,,,,,Novembre,,L.,,,,
2820,"Tagetes erectus",Specie,"P. cespugliosa, alta anche più di 1 m., con capolini gialli portati da peduncoli fortem. ingrossati in alto.",ad423b166d1a18c433b3b1456d8a11d7,503421,,Giugno,,,,,,,Novembre,,L.,,,,
2819,"Xanthium strumarium",Specie,"Nelle stesse stazioni della precedente.",2b037ebb3aa2f698fea0d159b1a3e752,6232736,,Giugno,,,,,,,Novembre,,L.,,,,
2818,"Xanthium spinosum",Specie,"Su macerie, lungo le strade, in luoghi sterili del piano. Piuttosto raro nella parte merid. della reg.; specie di origine sud-americana.",97dc1d7e64ec5b9d57aecf6e85c5e3a6,483030,,Giugno,,,,,,,Novembre,,L.,,,,
2817,"Galinsoga quadriradiata",Specie,"Pure originaria dell'America merid., è comparsa pochi decenni fa nella reg., ove è in progressiva diffusione, negli orti, nei giardini e lungo le strade.",9be60b2377d595ef8ee8aa248e84bc28,467442,,Giugno,0,,,,,1000,Agosto,,"Ruiz et Pav.",,,,
2816,"Galinsoga parviflora",Specie,"Originaria dell'America merid. e comparsa nella reg. al principio dell'800, e divenuta c. nei campi, negli orti, lungo le strade.",57be02bf978f7587a25aa91836d62b2b,467382,,Giugno,0,,,,,1000,Novembre,,Cav.,,,,
2815,"Bidens tripartita",Specie,"C. in luoghi umidi.",644600fb8b0b3323af586ba5455a1652,469353,Forbicina,Giugno,0,,819,,,1000,Novembre,,L.,,,,
2814,"Bidens cernua",Specie,"In luoghi paludosi e lungo i fossi.",ba0c8d1a3d0576697c77afa2927cbba9,469355,,Giugno,0,,,,,700,Novembre,,L.,,,,
2813,"Bidens bipinnata",Specie,"P. alta fino a 1,2 m. C. in luoghi aridi, nei campi, nei vigneti ecc. al piano e sui colli della parte merid. del paese (verso nord fin oltre Bolzano e da qui verso Merano); p. originaria dell'America e comple-tam. naturalizzata.",78423ccebb1a04ad5bf0264b04710b34,490657,,Giugno,,,,,,,Novembre,,L.,,,,
2811,"Gaillardia grandiflora",Specie,,38eb7b4101f1bd2cc27d54bb10ab8e47,52374980,,Marzo,,,,,,,Novembre,,Fouq.,,,,
2810,"Dahlia coccinea",Specie,"Con fg. pennatifide",19210cdbc06ca35c04ac8a6cf5a6d62e,483207,,,,,,,,,,,Cav.,,,,
2809,"Dahlia variabilis",Specie,"Con fg. pennatosette",3a8dd7f5b3316ec72fe8e23e991f1952,51583809,,,,,,,,,,,Desf.,,,,
2808,"Helianthus tuberosus",Specie,"Coltivato c non di rado inselvatichito.<br /><br />Questa specie originaria, come la precedente. dell'America del nord, fu portata in Europa al principio del sec. XVII. Viene coltivata per i suoi tuberi, che costituiscono un buon nutrimento per gli animali domestici e sono commestibili anche per l'uomo, benché poco apprezzati per il loro sapore dolciastro. La p. viene riprodotta, come la patata, per mezzo dei tuberi.",83b6971805165eb3d353928855738d0b,468029,"Tartufo di canna, Patata del Canada, Topinambur",Giugno,,,,,,,Novembre,,L.,,,,
2807,"Helianthus annuus",Specie,"Coltivato e non di rado inselvatichito presso gli abitati.<br /><br />Originario dell'America del nord (probabilm. del Messico) fu introdotto in Europa già nel sec. XVI e la sua coltura si diffuse rapidam. assumendo per certi paesi una notevole importanza. Le parti verdi della p. si utilizzano come foraggio, i ricettacoli giovani sono commestibili, i semi servono come becchime per gli uccelli da gabbia e da cortile, ma soprattutto per l'estrazione dell'olio di Girasole, il quale, ben preparato, costituisce un buon condimento. Le qualità scadenti dell'olio di Girasole s'impiegano nell'industria dei saponi, del burro artificiale e dei colori; coi semi schiacciati e privati dell'olio si fanno panelli nutrientissimi per il bestiame. Il Girasole viene coltivato su larga scala specialm. nella Russia merid.",f05e095606af8ed79cbec9f488e6dbd9,468106,Girasole,Giugno,,,,,,,Novembre,,L.,,,,
2806,"Rudbeckia hirta",Specie,"Come la precedente.",0cb6bed6f7bd35d95c2c876717c6af8f,467866,,,,,,,,,,,L.,,,,
2805,"Rudbeckia laciniata",Specie,"Originaria dell'America del nord.",b8fb8df3fb421ef59d25275592e5e877,467869,,Giugno,,,,,,,Novembre,,L.,,,,
2804,"Buphthalmum speciosissimum",Specie,"<div>In luoghi rupestri dei monti del Tr. sud-occid. (M. Tombea, Cingol rosso, al confine colla Val Vestino); 34; E. Endemismo dal Lago di Como alla Val Vestino.</div>",84be9cd66c8927b07d8754c6e15e4316,5127446,,Giugno,700,,,"(= Telekia speciosissima Less.)",,1000,Agosto,,Ard.,,,,
2803,"Buphthalmum salicifolium",Specie,"Freq. fra i cespugli, al margine dei boschi e nei pascoli; Al Passo Gardena a 2000 m. (Chiarugi).",35f26a22d3ad80fb5945b115c66a6cd1,6260003,,Marzo,0,,818,,,3000,Novembre,,L.,,,,
2802,"Pulicaria vulgaris",Specie,"Rara in luoghi umidi del piano nella parte merid. della reg.",aba408d39e886f1ae0bc3e3a25856a4a,6246899,,Giugno,,,,,,,Novembre,,Gaertn.,,,,
2801,"Pulicaria dysenterica",Specie,"In luoghi umidi.",0d49acc9015dc75f3090ef218f4e5a2b,509700,Mentastro,Giugno,0,,816,,,1000,Agosto,,Bernh.,,,,
2800,"Inula spiraeifolia",Specie,"In luoghi soleggiati, cespuglioso-sassosi del piano e dei colli del Tr. sud-occid.",3add824b2240c6cc8ac7654f4401d74b,6238060,,Giugno,,,,,,,Novembre,,L.,,,,
2799,"Inula salicina",Specie,"Nei prati umidi, ma talvolta anche in luoghi sassosi.",168cef48cd265032a5237d21a3a595af,468073,,Giugno,0,,815,,,1000,Agosto,,L.,,,,
2798,"Inula ensifolia",Specie,"In luoghi aridi e sassosi del piano e dei colli del Tr. merid.",8dc673a778ef4bfa705b18daa349b8cd,6237831,,Giugno,,,,,,,Agosto,,L.,,,,
2797,"Inula hirta",Specie,"In luoghi soleggiati o rupestri del Tr. e dell'A. A. merid.",5504415260c8727964db8065725879fc,6237887,,Marzo,0,,814,,,1000,Agosto,,L.,,,,
2796,"Inula britannica",Specie,"C. in luoghi umidi.",25a07811dc700dde4e213346416cdc91,468041,,Giugno,0,,,,,700,Novembre,,L.,,,,
2795,"Inula conyza",Specie,"Freq. in luoghi aridi e lungo le strade.",3271f0c05bb87b24781b83649546739c,6237794,Bacherina,Giugno,0,,813,,,1000,Novembre,,DC.,,,,
2794,"Gnaphalium norvegicum",Specie,"In boschi radi e in luoghi rupestri, umidi.",688ccf8a3ce4206db13052adfe39c28b,6239028,,Giugno,1000,,,,,3000,Agosto,,Gunn.,,,,
2793,"Gnaphalium hoppeanum",Specie,"Su terreno umido e argilloso e su pascoli sassosi.",763b6387e596763cc365a0ddba748deb,6238838,,Giugno,1900,,,,,3000,Agosto,,Koch.,,,,
2792,"Gnaphalium silvaticum",Specie,"Freq. nei boschi radi e asciutti e nei pascoli.",53b4ec2e06df95b8c818bb08e973239a,819829,,Giugno,1000,,812,,,1900,Novembre,,L.,,,,
2791,"Gnaphalium supinum",Specie,"Su pascoli sassosi ed umidi e su detriti. Rinvenuto fino a 2900 m. (Val Ridanna, Val di Fassa).",03f3a4327559446204bb69483495b604,11266808,,Giugno,1900,,,,,3000,Agosto,,L.,,,,
2790,"Gnaphalium uliginosum",Specie,"Freq. in campi umidi e lungo i fossi.",cfa1c9b3d1237dcd5c26bddc40e37e5c,484959,"Canapicchia palustre",Giugno,700,,,,,1000,Novembre,,L.,,,,
2789,"Gnaphalium luteo-album",Specie,"Sui muri, sulle rocce e in campi arenosi.",8104880d340d5fb8ecdde406bcdbb608,49950699,"Canapicchia paglierina",Giugno,0,,,,,1000,Novembre,,L.,,,,
2788,"Antennaria carpatica",Specie,"Su pascoli sassosi. Sulla Punta Rossa (Stelvio) a 2920 m. (Rotula).",e7806f9ff4d33986c50b8939e3be1fa8,6174365,,,2200,,811,,,3000,,,"Bl. et Fing.",,,,
2787,"Antennaria dioica",Specie,"C. in luoghi erbosi, aridi.",5ab2968a1bd0ce21208a6cc10811c1a5,47140966,Canapicchia,Marzo,0,,810,,,3000,Agosto,,Gaertn.,"Perpétue, Perpetúine",,,
2786,"Filago arvensis",Specie,"Freq. in luoghi aridi e soleggiati.",94b4f50d7b5e30f3c4d98b9979636c01,400418,,Giugno,0,,809,,,700,Agosto,,L.,,,,
2785,"Filago minima",Specie,"In luoghi sterili e sassosi della parte merid. del paese (nel Tr. in Valsugana, Pine e Tesino; nell'A.A. nel circondario di Bolzano fino a Chiusa e all'imbocco di Val d'Ultimo).",e45cffdd26d6ba2bc6a4752d1707c0e4,11266853,,Giugno,0,,,,,700,Agosto,,Pers.,,,,
2784,"Filago spathulata",Specie,"Come la precedente; a Trento, Mori e nella bassa Valle del Sarca.",e4bb72d94867e7561e01386bcdc33068,51601397,,Giugno,,,,,,,Agosto,,Presl.,,,,
2783,"Filago germanica",Specie,"Freq. in luoghi incoiti e soleggiati, lungo le strade.",ef6ce62556e838cc233d3f659dd2a7b1,469330,Filonia,Giugno,0,,808,,,3000,Novembre,,L.,,,,
2782,"Erigeron polymorphus",Specie,"In punti erboso-sassosi o rupestri di rocce calcaree.",45af16765403dca0e215f0725909613d,49945187,,Giugno,1900,,,,,3000,Agosto,,Scop.,,,,
2781,"Erigeron uniflorus",Specie,"Sui pascoli alpini.",3797a1f84d65cd423360f5fe42088993,468936,,Giugno,,,,,,,Agosto,,L.,,,,
2779,"Erigeron alpinus",Specie,"Freq. su pascoli.<br /><br />Gli somiglia: <em>E. neglectus</em> Kern. che si distingue alle fg. piuttosto consistenti, cigliate, ma del resto glabre, e all'involucro del capolino (quasi sempre unico) densam. villoso, biancastro. Nelle stesse stazioni di <em>E. alpinus</em>, prevalentem. ad Est del solco Adige-Isarco.",ae32c72c89e84ba1c60c7e642df59f7a,6194143,,Giugno,1900,,806,,,3000,Novembre,,L.,,,,
2778,"Erigeron annuus",Specie,"Freq. al margine dei campi, lungo le strade, in luoghi incolti; p. originaria dell'America sett., penetrata nella reg. ca. un sec. fa, ora naturalizzata.",1b2cd08fc0bf809c6dd7e8e04b09b046,469143,,Giugno,0,,,,,700,Novembre,,Pers.,,,,
2777,"Erigeron atticus",Specie,"Su pascoli e su scoscendimenti del terreno.",db7a46eed37b0a0315751929309929a2,6194194,,Giugno,1000,,,,,2200,Novembre,,Vill.,,,,
2776,"Erigeron acer",Specie,"Freq. in luoghi aridi e soleggiati.",56e4d6945543a91e289e592a66fcd4d4,49901865,,Giugno,0,,805,,,1900,Novembre,,L.,,,,
2775,"Erigeron canadensis",Specie,"C. nei campi, in luoghi incolti e lungo le strade; p. di origine americana; in Europa dal sec. XVII e al presente completam. naturalizzata.",5c202d4f0b4d205b385b61ae5624f325,467659,Saeppola,Giugno,0,,804,,,1000,Novembre,,L.,"Erba da la fam, Erba de spazzaóre",,,
2774,"Aster amellus",Specie,"Freq. in luoghi cespugliosi asciutti.",d3fb510bcc0b8c3d5d5caa380c6b0d86,6177436,Amelio,Giugno,700,,803,,,1000,Novembre,,L.,,,,
2773,"Aster alpinus",Specie,"Freq. nei pascoli ed anche su suolo sassoso; (però talvolta anche a quote assai basse).",ba0a21fbfe863d990f77c43dca0b2301,577613,,Giugno,1900,,802,,,3000,Agosto,,L.,,,,
2772,"Aster novi-belgii",Specie,"Originario dell'America sett.",66e9b914ffe313656426def0fbe21835,49951289,,Settembre,,,,,,,Novembre,,L.,,,,
2771,"Aster chinensis",Specie,"P. annua. Coltivato; originario dell'Asia or.",210582d5f99591ba865f75719eab10d5,47370641,Astro,Giugno,,,,,,,Novembre,,L.,,,,
2770,"Aster bellidiastrum",Specie,"Freq. in luoghi umidi e ombrosi; sul Piz Lat a 2600 m. (Bolzon) e sull'Altopiano della Gardenazza pure a 2600 m. (Chiarugi).",d39f66009fbc4f03d8d8a81bcaab483e,50253620,Bellidiastro,Marzo,0,,801,"(Bellidiastrum michelii Cass.)",,3000,Agosto,,Scop.,,,,
2769,"Aster ericoides",Specie,"Coltivato; originario dell'America sett.",cc194af1a5e8e11b23cc4753ed134cc9,49902006,,Giugno,,,,,,,Agosto,,L.,,,,
2768,"Aster linosyris",Specie,"Su pendii aridi e soleggiati del Tr. e dell'A.A. merid.",5b620acbe82c6de537430d5fc24bf14e,49901997,"Spilli d'oro",Giugno,0,,,,,300,Novembre,,Bernh.,,,,
2767,"Solidago canadensis",Specie,"Come la precedente.",be1879ee46bdef5aa98099f7f89b934c,578217,,,,,,,,,,,L.,,,,
2766,"Solidago serotina",Specie,"Originaria dell'America sett.",284489de98f1d2384650f3c3953722bc,55731912,,Giugno,,,,,,,Novembre,,Ait.,,,,
2765,"Solidago virga-aurea",Specie,"C. tra i cespugli e su pendii asciutti. Nell'orizzonte montano sup. e subalpino cresce la ssp. alpestris Gaud. con f. alto 6-20 cm. ; fg. più strette che nel tipo e pochi capolini.",d9f58bb36a03a9f90878d16f08449291,6185348,"Verga d'oro",Giugno,700,,800,,,1000,Agosto,,L.,,,,
2764,"Adenostyles alpina",Specie,"In luoghi ombrosi.",e2c502034999656801be544c99ceaf40,6262236,,Giugno,700,,,,,3000,Agosto,,"Bl. et Fing.",,,,
2763,"Adenostyles alliariae",Specie,"Nei boschi umidi.",adf92c5a3722f2dde59c0b6572af9463,6262232,,Giugno,1000,,799,,,3000,Agosto,,Kern.,,,,
2762,Gaillardia,Genere,"Fouq. (dedicata a Gaillard de Marentonneau).<br />P. alta ca. 8 dm., con fg. verdi-grigiastre, le basali obovato-lanceolate a margine ± inciso. Le numerose forme di Gaillardia coltivate nei giardini, che differiscono tra loro quasi soltanto per la colorazione dei capolini, derivano dalla Gaillardia grandiflora Fouq; P-A.",b71b405130d703a9fcdffde745c342f6,47145583,,,,,,,,,,,,,,,
2760,"Calendula officinalis",Specie,"(dal lat. kalendae = primo del mese; p. con inizio della fioritura all'aperto ai primi di giugno).<br /><br />P. annua con f. allo fino a 5 dm., ramoso; fg. inf. obovato- od oblungo-spatolate, le sup. lanceolate; la maggior parte degli acheni incurvati. Coltivata e non di rado inselvatichita presso le case.",cef55c527341f42effbe15c4a406feab,467729,Fiorrancio,Marzo,,,,,,,Agosto,,L.,,,,
2759,"Heliochrysum bracteatum",Specie,"(dal gr. hèlios = sole e \'chrysòs = oro, per i capolini che in diverse specie sono di colore giallo e sempre ± lucenti).<br />I capolini della specie di questo gen. hanno la proprietà di avere una parte delle squame involucrali secche e seariose e di conservare a lungo un aspetto inalterato. Per questa ragione sono noti sotto il nome di \'semprevivi\' e sovente si usano, come simbolo d'immortalità, per ornare le tombe e fare corone funerarie.<br />P. annua alta fino a 8 dm., con fg, strettam. lanceolate, leggerm. sinuose al margine e capolini grandi (2-5 cm. di diametro), a squame involucrali raggianti, lucenti e variarci, colorate. Specie originaria dell'Australia.",a67420935f6dd7a293b929dfb35ce3b5,492322,,Giugno,,,,,,,Agosto,,Willd.,,,,
2758,"Zinnia elegans",Specie,"(dedicata a Giov. Goffredo Zinn, vissuto nel sec. XVIII, prof, di medicina a Gottinga).<br /><br />P. annua, alta fino a 8 dm.; originaria del Messico; coltivata in numerose forme a capolini variam. colorati c composti o di fi. tubinosi e a linguetta oppure esclusivam. di fi. della prima o della seconda specie (capolini doppi).",ff9e56463892d9dfbf453339d479d98f,22991350,,Giugno,,,,,,,Novembre,,Jacq.,,,,
2757,"Ageratum mexicanum",Specie,"(dal gr. agheraton = che non invecchia, per l'achenio privo di pappo bianco).<br /><br />P. annua, alta 1-6 dm. ± pelosa con fg. opposte, le inf. ovato-cordate, dentate; originaria del Messico.",d6dac64c6f55e5eccadd73628fb0665b,52196415,,Marzo,,,,,,,Novembre,,Sims.,,,,
2756,Rudbeckia,Genere,"(dedicata ad Olaus Rudbeck, professore all'Università di Upsala e maestro di Linneo. Visse dal 1660 al 1740).",8c745ca25e21817fc596288fd2b1f719,37719,,,,,,,,,,,L.,,,,
2755,Dahlia,Genere,"(dedicata allo svedese Andrea Dahl, discepolo di Linneo).<br /><br />Le Dalie coltivate nei giardini derivano per lo più dalle 2 specie: <em>D. variabilis</em> Desf. con fg. pennatosette e <em>D. coccinea</em> Cav. con fg. pennatifide, ambedue originarie del Messico, assai grande è il numero della var. che i floricultori hanno ricavato, anche mediante incroci, dalle 2 specie originarie: esse si distinguono per il colore e la grandezza dei capolini, nonché per la presenza o la mancanza negli stessi di fi. centrali tubulosi (capolini semplici nel primo caso, doppi nel secondo). La fioritura è cstivo-autunnale, la riproduzione si fa per mezzo dei \'tuberi\' fusiformi che queste p. posseggono e che rappresentano delle radici ingrossate.",8240042b0eabffbbff24389c27d3ec1b,49945119,,,,,,,,,,,Cav.,,,,
2754,"Cosmos bipinnatus",Specie,"(dal gr. kosmos = ornamento, per la bellezza dei capolini).<br />P. annua alta anche oltre 1 m., con capolini grandi a fi. periferici per lo più rosei o bianchi. Originario del Messico; E-A. Viene pure coltivato, ma più raram., <em>C. sulphureus</em>, con capolini a fi. periferici gialli.",d448bfb551adadec97722ec64c13c066,467468,,Giugno,,,,,,,Novembre,,Cav.,,,,
2753,Tagetes,Genere,"(dal nome della divinità etrusca \'Tages\').<br /><br />P. annua, originarie del Messico, donde furono introdotte in Europa già nel sec. XVI. Le specie più comunem. coltivate, di cui si hanno anche forme nane, sono:",8e383328ddda16c4f666e483b958d242,60978,,,,,,,,,,,L.,,,,
2752,Hieracium,Genere,"(dal gr. hierax = sparviero, perchè anticam. si credeva che gli sparvieri si cibassero di queste p. per rendere più acuta la loro vista).<br /><br />Di questo gen. ricco di specie e ancor più di forme di passaggio (forme intermedie), tra l'una e l'altra e, almeno in parte, di origine ibrida, vengono descritte soltanto le entità più diffuse nella reg. e meno difficilm. identificabili.",99c07e057ae20ad8dd957e66cb185c29,50169,,,,,,,,,,,L.,,,,
2751,"Prenanthes purpurea",Specie,"(dal gr. prenés = prono e \'anthe\' = fiori, per i capolini pendenti).<br /><br />F. alto anche oltre 1 m., quasi glabro, con fg. molli, glauche di sotto, le inf. ovate od oblunghe; le rimanenti oblungo-lanceolate, con margine liscio o lievem. dentato e lamina ristretta sopra la base, eh e larga e orecchiuta; capolini in pannocchia, da principio pendenti. Nei boschi, specialm. di latifoglie; tra i Mughi e gli Ontani verdi.",2c3e81c15efcf50e70458c9524e1a2e0,6207788,"Lattuga montana",Marzo,1000,,883,,,1900,Agosto,,L.,,,,
2750,Sonchus,Genere,"(dal gr. sonkos, nome del S. oleraceus).",74e4774f9c2a32abb8b90706c235105f,60801,,,,,,,,,,,L.,,,,
2749,"Mulgedium alpinum",Specie,"(dal lat. mulgére = mungere, perché p. ricca di latice).<br /><br />F. alto fino a 1,5 m., fistoloso; fg. inf. assai grandi, lirato-roncinate, con lobo terminale pure grande, triangolare; capolini in racemi o pannocchie, portati da peduncoli peloso-glandolosi. In luoghi ombrosi ed umidi, tra cespugli, specialm. su terreno calcareo; 4-7; E.",32bfcd3b48dbc3f4777f27eb2cbf9217,47190184,"Cicerbita azzurra",Giugno,1000,,870,,,3000,Agosto,,Less.,Sóora,,"Soréti, Sorino",
2748,Crepis,Genere,"(dal gr. krepís = sandalo, forse per la forma del fr.).",b08b1d620a40fd5597f498e9fac16ef1,44923,,,,,,,,,,,L.,,,,
2747,Lactuca,Genere,"(dal lat. \'lac genit. lactis\'= latte, per la ricchezza di latice delle specie di questo gen.).",,59324,,,,,,,,,,,L.,,,,
2746,"Willemetia stipitata",Specie,"(dedicata al botanico francese del sec. XVIII, Willemet).<br /><br />F. alto 2-5 dm.; superiorm. coperto di peli nerastri; fg. quasi tutte basali, obovato-bislunghe, ± dentate; capolini pochi, gialli, con involucri setolosi, nerastri. In punti umidi e torbosi dei prati montano-sup. e alpini e sul margine di ruscelli, ncll'A.A. e nel Tr. or.",3999853c05e8b5b29f9b660b238dfeea,5107515,,Giugno,1900,,,,,3000,Agosto,,Cass.,,,,
2745,Taraxacum,Genere,"(nome d'incerta origine; forse dal gr. tàraxis = intorbidimento della vista e \'akos\' = rimedio).",7633c8aa30d05f0ca2dfe7b290752e33,49106,,,,,,,,,,,L.,,,,
2744,Chondrilla,Genere,"(dal gr. chondròs = grumo, per la proprietà del latice di raggrumarsi rapidam.).",71755b83d2d08533d45e05476652d85e,43003,,,,,,,,,,,L.,,,,
2743,Picris,Genere,"(dal gr. pikròs = amaro; p. contenente un latice amaro).",0cd44cf39bd8c025db0e18dd119d549d,38104,,,,,,,,,,,L.,,,,
2742,Leŏntodon,Genere,"(dal gr. lèon = leone e \'odùs\' = dente, per le fg. grossam. dentate in certe specie di questo gen.).",,11875739,,,,,,,,,,,L.,,,,
2741,Scorzonera,Genere,"(denominazione dovuta al colore scuro del rizoma).",1bca8d601b0e98e5477a81713f0518e7,61439,,,,,,,,,,,L.,,,,
2740,Tragopogon,Genere,"(dal gr. tragos = becco e \'pogon\' = barba, \'Barba di becco\').",3641065867cbb492373e373049a1ac26,49126,,,,,,,,,,,L.,,,,
2739,Cichorium,Genere,"(dal gr. kichora, nome della Cicoria).",01a2164eecf5cc23cadf806f8cfcf847,59432,,,,,,,,,,,L.,,,,
2738,Hypochaeris,Genere,"(dal gr. hypò = per e \'choiros\' = porcellino; p. che viene mangiata volentieri dai porci).",f7a175279b179f5ace67b25f3450b7af,62642,,,,,,,,,,,L.,,,,
2737,"Lapsana communis",Specie,"(dal gr. lapazein = rammollire, purgare).<br /><br />P. annua con f. alto 3-12 dm.; fg. inf. lirate con lobo terminale grande, angoloso-dentato, le sup. lanceolate, intere; capolini piccoli con pochi fi. gialli. Nei coltivati ed anche in luoghi incolti fino al limite sup. delle colture.",ba591d53e87cb5d36266ead49f891270,841400,Lassana,Giugno,,,859,,,,Novembre,,L.,,,,
2736,"Apŏseris foetida",Specie,"(dal gr. apó = lontano e \'seris\' = cicoria; p. molto diversa dalla Cicoria).<br /><br />Capolini gialli. In luoghi ombrosi, spccialm. nei boschi di Faggi.",50c05b3dae53ad3909da7b07c6c258a7,6263261,,Giugno,700,,860,,,1900,Novembre,,Less.,,,,
2735,Erigeron,Genere,"(dal gr. eri = presto e \'gheron\' = vecchio, cioè che invecchia presto per la brevissima durata dei fi. che mostrano assai presto i pappi biancastri degli acheni).",15688115797b5f0626d0289093cd0a5f,,,,,,,,,,,,L.,,,,
2734,Doronicum,Genere,"(forse dall'arabo \'doronidi\', nome di una p. velenosa).",795f80dca1b93b77cffa001358d71d76,50225,,,,,,,,,,,L.,,,,
2732,"Arnica montana",Specie,"<div>(alterazione di ptarmiké = che fa starnutire, con riguardo ai fiori e alla radice aromatici).<br /><br /></div><div>P. villoso-glandolosa con f. alto in media 3 dm. (fino a 6 dm.); foglie intere, le radicali disposte a rosetta; capolini  grandi, giallo-aranciati, in numero di 1-5. Freq. nei pascoli montani e alpini.<br /><br /></div><div>La tintura (estratto alcoolico) dei capolini di Arnica favorisce la guarigione delle ecchimosi e viene perciò impiegata per cataplasmi, mentre la decozione degli stessi viene usata come sudorifero e come stimolante dello stomaco. L'uso interno dell'Arnica può però, specialm. se prolungata, procurare disturbi di vario genere (vomito, vertigini ).</div>",17b1607e1daaf38b2a97eb9bfc053662,482128,Arnica,Giugno,,,832,,,,Agosto,,L.,,,,
2731,"Tussilago farfara",Specie,"<div>(dal lat. tussis = tosse e \'ago\' = caccio, cioè rimedio contro la tosse).</div><div><br />Capolini gialli, solitari, portati da f. bratteati, alti fino a 3 dm.; fg. tutte basali, svolgentisi dopo la fioritura, subrotonde, angolose, cordate, biancastre di sotto. C. in luoghi sabbiosi, argillosi, nei campi umidi, su terreno franoso; fioritura da febbraio a maggio a seconda dell'altitudine.<br /><br /></div><div>Colle fg. raccolte in autunno e disseccate e coi capolini si preparano decozioni per combattere la tosse e promuovere l'espettorazione del catarro.</div>",849f8f69eb7fd3fd23577cde2f57672b,819646,Farfara,Febbraio,0,,833,,,3000,Maggio,,L.,Bàrdine,,,
2730,Pulicaria,Genere,"(dal lat. pulex = pulce, per le proprietà insetticide possedute dai capolini disseccati e polverizzati di queste erbe).",26d9a6750dc509ed3b281018762895a0,61813,,,,,,,,,,,Gaertn.,,,,
2729,Solidago,Genere,"(dal lat. solidare = rinforzare, per l'uso che si faceva in passato della <em>S. virga aurea</em> per curare ferite).",8bb6dd9ea178127b5c6539e3da28816b,37721,,,,,,,,,,,L.,,,,
2728,Helianthus,Genere,"(dal gr. helios = sole e \'anthos\' = fi., per la grandezza dei capolini, come pure per la proprietà di quelli del Girasole di volgersi verso l'astro diurno).",4c30d12747686fa7f84c74ba60e54c7a,44915,,,,,,,,,,,L.,,,,
2727,Buphthalmum,Genere,"(dal gr. bus = bue e \'ofthalmòs\' = occhio, per l'aspetto dei capolini).",0f0e906509995cd96945f40d06441181,6260003,,,,,,,,,,,,,,,
2726,Anthemis,Genere,"(dal gr. ànthemis, diminutivo di \'anthos\' = fi.).",58cc14bf59e37d2ceb153edbe0f473c0,37935,,,,,,,,,,,L.,,,,
2725,Achillea,Genere,"(dedicata ad Achille, il quale si sarebbe servito per curare le ferite di qualche specie appartenente a questo gen.).",14094f90b0e6f66a90e161ddb1149932,36945,,,,,,,,,,,L.,"Erba liva, Médico gentil",,,
2724,Galinsoga,Genere,"<div>(dedicata a Martinez Galinsoga, medico della regina di Spagna verso il 1800 ).</div>",84fadb746c46995126cd47a7754b5a9f,59358,,,,,,,,,,,"Ruiz et Pav.",,,,
2723,Bidens,Genere,"(dal lat. bis = 2 volte e \'dens\' = dente, per le 2, o talvolta 3 o più reste portate dai fr.).",aa5065cd588aee201bb35b380f2bc420,11872872,,,,,,,,,,,L.,,,,
2722,"Bellis perennis",Specie,"(dal lat. bellus = leggiadro).<br /><br />F. aereo quasi mancante; fg. in rosetta basale, obovato-spatolate, ristrette nel picciolo alato; fi. del raggio bianchi, spesso rosei sulla faccia esterna. C. nei prati e lungo le strade campestri, intorno agli edifici delle malghe.<br /><br />Questa specie viene frequentem. coltivata a scopo ornamentale in parecchie var. tra le quali la più diffusa è quella a capolini candidi o rosei, nel quali t fi. tubulosi del disco sono trasformati in fi. a linguetta (Margheritine doppie).",94099f8435a6447eb72269a94c21e930,467843,Pratoline,Marzo,0,,,,,2200,Novembre,,L.,Margheritine,,,
2721,Matricaria,Genere,"(dal lat. matrix = utero, per l'azione eccitante che la M. chamomilla esercita sulla musculatura di quell'organo).",a2c4762193f1f8193a91cd858f74e6d2,,,,,,,,,,,,L.,,,,
2720,Chrysanthemum,Genere,"(dal gr. chrysòs = oro e \'ànthemon\' = fi. per i capolini che, almeno nella lóro parte centrale, sono gialli).",3e531a00e92059bb55f06092784c8ae1,,,,,,,,,,,,L.,,,,
2719,Artemisia,Genere,"(dal gr. artemés = sano, per le proprietà medicinali possedute da alcune specie di questo gen.).",24e453c36a052fd210c1ab8ccbfab163,,,,,,,,,,,,L.,,,,
2718,"Carpesium cernuum",Specie,"(dal gr. karpèsion, nome di una p. aromatica presso gli antichi Greci, da Linneo attribuito a questo gen.).<br /><br />F. alto 2-6 dm., superiorm. ramoso; fg. ovali od ovato-lanceolate; capolini emisferici, chinati; le squame involucrali più esterne assai grandi, fogliacee. In boschetti ombrosi e nelle siepi nel Tr. e nel circondario di Bolzano; 2-3; ma rinvenuto pure a Vetriolo (1490 m.).",1e32fcb1968c208f063dcdc7e3d2313a,6265287,"Capo chino",Giugno,,,817,,,,Novembre,,L.,,,,
2717,"Micropus erectus",Specie,"(dal gr. mikrós = piccolo e \'pus\' = piede, per il f. corto e ramoso).<br /><br />P. annua alta 5-20 cm. con f. ramoso; fg. oblungo-lanceolate, intere: capolini piccolissimi, giallognoli, quasi sferici, riuniti in glomeruli, involucri densam. lanosi. In luoghi assai aridi e soleggiati del Tr. (in assoluta prevalenza in Val d'Adige, ma pure nella media Val di Non e Val di Cembra e nella depressione Terlago-Toblino), nonché nel circondario di Bolzano.",3effa09f11190b8000ad964d083842bd,6264507,,Giugno,0,,807,,,700,Agosto,,L.,,,,
2715,Gnaphalium,Genere,"(dal gr. gnàphalon = lana, per il tomento ± denso, di cui sono rivestite le specie di questo gen.).",332f4caa3086bad10ea51033dced2fff,59449,,,,,,,,,,,L.,,,,
2714,"Leontopodium alpinum",Specie,"(dal gr. leon = leone e \'podion\' = piccolo piede, perchè le brattee lanose e spesso, arcuate a falce, che circondano i gruppi dei capolini, furono paragonate agli artigli di una zampa di leone).<br /><br />F. semplice, alto 5-25 cm, lanoso; fg. lineari-lanceolate, grigio-verdastre di sopra, cenerino-tomentose di sotto. C. in luoghi rupestri, specialm. su suolo calcareo, ma non raro neppure su suolo siliceo.<br /><br />La Stella alpina, il più ricercato dei fi. alpini, ha un'area di diffusione che non è limitata alle Alpi. Essa è comune nelle montagne dell'Asia centrale e sud-occid. ed è un elemento delle steppe della Siberia merid. È anzi probabile, che la Siberia rappresenti il centro d'origine di questa p., la quale avrebbe raggiunto il sistema alpino durante uno dei periodi interglaciali, quando la flora dell'Europa media contava numerose specie caratteristiche della steppa. Il suo bianco  indumento  costituisce  una  valida  difesa contro l'eccessiva traspirazione (come nelle specie dei gen. <em>Filago</em>, <em>Gnaphalium</em> ed altri, che vivono in luoghi aridi e soleggiati od esposti a forti e freq. correnti d'aria), tant'è vero che la p., la quale può venire coltivata con facilità anche al piano, perde qui facilm. il suo \'vestito\' lanoso, perché sarebbe superfluo. In causa del vero accanimento, col quale da un secolo si fa ricerca della Stella alpina, la specie si è fatta piuttosto rara sui monti più frequentati dai turisti e ciò soprattutto, perché per la bramosia di possederne il fi. si sradica l'intera p.",790cbea63b763cc75ff73162d51e3849,49902538,"Stella alpina, Bianco di roccia",,1900,,,,,3000,,Sì,Cass.,"Stele alpine, Stele de mont",,,
2713,Antennaria,Genere,"(da \'antenna\', per i peli del pappo ingrossati all'apice, come le antenne delle farfalle diurne).",3acc48bf6761798f6786ab03318a0db0,47140956,,,,,,,,,,,Gaertn.,,,,
2712,Filago,Genere,"(dal lat. filum = filo, per la fitta lana, di cui sono rivestite le specie di questo gen.).",f5dc38bccd2d81064c6e160c4778fbfb,59563,,,,,,,,,,,L.,,,,
2711,Inula,Genere,"(dal gr. inàein = purgare, per le proprietà purgative della radice di certe specie).",bcbbd4f830fa1b766a77d23c8815939d,59448,,,,,,,,,,,L.,,,,
2710,Aster,Genere,"(dal lat. astrum = stella).",76febd17f32bd75c1c064691cfd796b9,21217463,,,,,,,,,,,L.,,,,
2709,"Eupatorium cannabinum",Specie,"(dal nome di Mitridate Eupatore, re del Ponto).<br /><br />P. alta 6-15 dm., fg. pelose; capolini piccoli, assai numerosi, in corimbi; pappo più lungo dell'achenio. C. in luoghi umidi.",3fc428252973750004ccb15f0c81badb,475560,"Canape d'acqua",Giugno,0,,798,,,1000,Novembre,,L.,,,,
2708,Petasites,Genere,"(dal gr. pétasos = ombrello, per le fg. assai grandi, colle quali una volta si copriva il capo dei fanciulli affetti da tigna).",9a64980bc8e4c7c580008d90bc2a6542,59514,,,,,,,,,,,L.,,,,
2707,Adenostyles,Genere,"(dal gr. adén = glandola e \'stylos\' =. stilo, per lo stilo coperto di peli somiglianti a glandole).",288f67859645fd3f15351c3cedc8ff00,6262228,,,,,,,,,,,,,,,
2706,Homogyne,Genere,"(dal gr. homós =. simile e \'ghyné = donna; nome di incerto significato).",e8e01e9ed8940404ee2c3e4c175da8f3,6271002,,,,,,,,,,,L.,,,,
2705,Senecio,Genere,"(dal lat. senex = vecchio, per i ricettacoli glabri, ossia calvi).",802d003c6f0e36b2d5b93a3a44284f13,,,,,,,,,,,,L.,,,,
2704,Cirsium,Genere,"(dal gr. kirsós = varice, per la supposta efficacia della radice di queste p. contro le varici).",9064521dd2484af0197750e6467852c7,38277,Cardi,,,,,,,,,,Adam.,"Spini d'asen, Spinazzi",,", Spinazzéda, Spini, Spino",
2703,"Saussurea alpina",Specie,"(dedicata a B. Saussure, fisico ginevrino del sec. XIX).<br /><br />F. alto 3-4 dm.; fg. lanoso-fioccose di sotto, le inf. con picciolo alato, ovato-lanceolate, a base rotondata, le sup. sessili, lanceolate; capolini porporini, in corimbo terminale. In luoghi erboso-rupestri, tra cespugli.<br /><br />Simile alla precedente, ma con piccioli non alati e lamine cordate alla base, niveo-tomentose di sotto: <em>S. discolor</em> DC. Nelle stesse stazioni della precedente.",a07e5a857d744e75467c0cf11f1ce6a0,579038,,Giugno,1900,,843,,,3000,Agosto,,DC.,,,,
2702,"Cynara scolymus",Specie,"(da kinàra, nome gr. del Carciofo).<br /><br />F. alto ca. 1 m., solcato; fg. grandi, le inf. per lo più bipennatosette, grigio-tomentose di sotto, capolini assai grandi, con squame involucrali carnose alla base e fi. azzurri. Coltivato negli orti per i capolini, dei quali si mangiano la parte carnosa delle squame e il ricettacolo. Deriva dalla specie: <em>C. cardunculus</em> L. Carduccio. Spontaneo nell'Italia centrale e merid. e anch'esso coltivato qui e lì nella reg. col nome di Cardo, del quale si mangiano le \'costole\' delle fg. ed anche il rizoma, ch'è pure commestibile.",c5b7cea7427ef7d56a1155a2dbd9fb50,39896552,,,,,,,,,,,L.,,,,
2701,Centaurea,Genere,"(dal gr. kentaurion, erba che il centauro Chirone avrebbe impiegato per curare le proprie ferite).",62bb02f7417c1cd55134e7c10f64083d,,,,,,,,,,,,L.,,,,
2700,"Serratula tinctoria",Specie,"(dal lat. serra = sega per la dentellatura delle fg.).<br /><br />F. superante spesso 1 m. di altezza, angoloso-solcato; fg. glabre, a contorno ovale-lanceolato, le inf. intere, seghettate, le successive in gran parte lirato-pennatifide; capolini piuttosto piccoli, cilindro-conici, in racemo corimbiforme, fi. porporini. In luoghi cespugliosi.",1be640e7d9b31e04f301ffbe8ef99c8e,484897,Serretta,Giugno,0,,853,,,1000,Agosto,,L.,,,,
2699,"Crupina vulgaris",Specie,"(forse dal basso tedesco krupen = strisciare, per il pappo igroscopico che ad ogni mutamento del grado di umidità dell'aria subisce dei mutamenti di forma, per i quali l'achenio si muove all'indietro sul terreno).<br /><br />P. annuale con f. alto 2-9 dm., ramoso, glabro; fg. mediane e sup. pennatosette, a lacinie lineari, finem. denticolate; capolini con 3-5 fi. porporini. Indicata soltanto di pendii sassosi dei dintorni di Ala e di Brentonico.",380bd3b9dc5d545daef2505ad87dd725,467500,,Marzo,,,,,,,Agosto,,Cass.,,,,
2698,"Carthamus lanatus",Specie,"(dall'arabo kartam = tintura, dando una specie del gen., il <em>C. tinctorius</em>, una sostanza colorante).<br /><br />P. annua con f. alto fino a 6 dm., da giovane ragnateloso-lanoso, foglioso; fg. coriacee. sinuato-pennatifide, dentato-spinose; capolini solitari all'estremità dei rami e circondati dalle ultime fg. in alto; fi. gialli. In luoghi sassosi e soleggiati, lungo le strade, del piano e della zona collinare del Tr. (nell'A.A. fino ad Ora-Montagna).",c2eff23cb63425709af07d3f4f6a5aa2,488429,,Giugno,,,,,,,Novembre,,L.,,,,
2697,Arctium,Genere,"(dal gr. arktos = orso, per le infruttescenze ispide).",9583c093c339f69eb12ff2d4cd4cf0c4,59465,,,,,,,,,,,L.,,,,
2696,Carduus,Genere,"(nome già usato da Virgilio per diverse specie di questo gen.).",73ca98e39d501e200a68a7d0634e30e1,59551,Cardi,,,,,,,,,,L.,"Spini d'asen, Spinazzi",,"Gardeccia, Spinazzéda, Spini, Spino",
2695,"Onopordon acanthium",Specie,"(dal gr. onos = asino e \'pordon\' = peto, la p. produrrebbe fecondo alcuni - ventosità negli asini).<br /><br />P. biennale interam. ragnateloso-tomentosa; f. alto 5-15 dm., con 2-3 ali fogliacee, larghe; fg. ovato-oblunghe, sinuato-lobate, dentato-spinoso; capolini grandi, globosi; squame involucrali esterne patcntissime. In luoghi aridi e incolti.",1ddb71d4ce3d61de01261679b1db9100,47191865,Acanzio,Giugno,0,,852,,,1000,Agosto,,L.,,,,
2693,"Echinops sphaerocephalus",Specie,"(dal gr. echinos = riccio e \'ops\' = aspetto, per i capolini irti di squame).<br /><br />F. alto fino a 2 m.; fg. sinuato-pennatifide, dentato-spinose, peloso-vischiose di sopra, grigio-tomentose di sotto; fra i cespugli in luoghi aridi e caldi della parte merid. della reg.",a42d90405bcd82b1d99bb1c87353ef19,467552,"Cardo pallottola",Giugno,0,,,,,1000,Novembre,,L.,,,,
2692,Carlina,Genere,"(P. dedicata a Carlo Magno che secondo una tradizione avrebbe impiegato le radici di queste p. per guarire i suoi soldati dalla peste).",93e5700481c6fd0bc1010094cf033895,38092,,,,,,,,,,,,,,,
2691,Xanthium,Genere,"(dal gr. xanthion, p. usata secondo Dioscoride per rendere biondi xanthòs = biondo - i capelli).",b149e7d0f15dbc35aba0e432d0ca8436,39894064,,,,,,,,,,,L.,,,,
250,Compositae,Famiglia,"(dal lat. compositus composto, per i capolini per lo più composti di molti fi.).<br />La principale caratteristica esteriore di questa fam. è data dall'essere i fi. riuniti in capolini per Io più del tipo \'calatide\' (piatti) i quali, per avere di solito i fi. periferici raggianti a guisa di pt., hanno l'aspetto di semplici fi. tanto che dai profani essi vengono presi per tali.<br />Il peduncolo che porta il capolino s'ingrossa in alto a formare un ricettacolo a superficie presso che piana o J_ convessa, sul quale, stipati gli uni presso gli altri, sono inseriti i fi. (T. 26, fìg. 7, 8). Tutt'intorno il capolino è avviluppato da brattee (\'squame\') verdi o scariose, che ne costituiscono l'\'involucro\', come una specie di cal. dell'intero capolino (T. 26, fig. 7 i). I singoli fi. sono spesso accompagnati da una squama (\'paglietta\') o una setola, rappresentante la brattea ridotta, dalla cui ascella il fi. e spuntato.<br />Il cal. può mancare del tutto od essere limitato ad uno stretto urlo incoronante l'ov., ch'é infero, oppure - e questo è il caso più freq. è formato da un anello di squame o di setole, semplici o piumose, e prende il nome di \'pappo\' (T. 26, fig. 9, 10). La cor. è gamopetala e, quanto alla forma, può essere di due specie: tubulosa o a linguetta. La prima rappresenta un tu botino che per lo più si allarga un po' in alto e termina con S (raram. 4) denti eguali (T. 26, fig. 9) o in altrettante lacinie, tra loro eguali o disuguali. Nel primo caso la cor. è regolare, nel secondo irregolare e ± bilabiata. La cor. a linguetta invece si prolunga oltre l'imboccatura del suo tubo, ch'è brevissimo, in una specie di petalo, detto linguetta o \'ligula\', diretto obliquam. in alto od orlzzontalm. ed essa è pertanto sempre irregolare (T. 26, fig. 10).<br />1 capolini possono essere costituiti o csclusivam. di fi, a cor. tubulosa o soltanto di fi. con cor. a linguetta, oppure di fi. ligulati alla periferia e di fi. tubulosi al centro. In quest'ultimo caso l'insieme dei fi. a linguetta costituisce il cosiddetto \'raggio\' del capolino, quello dei fi. tubulosi il \'disco\'. Sono specialm. i capolini di questo tipo che assomigliano stranam. a un solo fi., quantunque tale rassomiglianza, pur minore, sussista anche nei capolini a fi. tutti tubulosi, quando i periferici sono molto più grandi - e per di più a lembo della cor. laciniato simulando una corona di pt.<br />L'androceo consta di 5 st. con a. allungate e tra loro concrcsciute in un tubo (T. 26, fig. 10), entro il quale al tempo della maturità delle a. si versa ed accumula il polline. Il gineceo è formato di 1 solo pistillo con ov. infero, stilo lungo, attraversante il tubo delle a. e coperto in alto di delicati peluzzi, e stimma bifido.<br />Quando gli st. maturano, lo stilo è ancora breve e rinchiuso, insieme allo stimma, entro il tubo delle a. Un po' alla volta però lo stilo si allunga e spinge dinanzi a sè, come farebbe uno stantuffo, il polline, fino a farlo uscire dal tubo. Durante l'allungamento dello stilo lo stimma si trova a contatto col polline, ma per questo non avviene una \'autofecondazione\', perche le sue due branche, combaciano ancora tra loro (sono coese). Soltanto dopo che il polline spinto fuori dal tubo per l'allungamento dello stilo sarà stato asportato dagli insetti che hanno visitato il capolino, le due branche dello stimma divergeranno per raccogliere sulla loro faccia interna il polline fecondatore, che su di esse deporranno altri insetti provenienti da un altro fi. o dello stesso capolino o di un altro della stessa specie e sarà operata una \'fecondazione incrociata\'.<br />I fr. delle Composte sono acheni, i quali, specialm. se con pappo bene sviluppato e funzionante da organo di volo, vengono facilm. trasportati dal vento anche a distanze considerevoli.<br />La famiglia delle Composte è tra le fanerogame una delle più ricche di specie, contandone ca. 14.000 per la maggior parte viventi nel Nuovo Continente.",686b0bd149d94e43973b551ad66d1196,49495608,,,,,,,,,,,,,,,
